latitude,longitude
6.18732,80.72151
6.26317,81.08282
6.29037,80.85827
6.45157,81.09538
6.55132,81.14516
6.56966,81.1199
6.59253,80.92814
6.69094,81.32561
6.7207,81.24134
6.74808,81.52004
6.79481,81.59746
6.80013,81.59657
6.80072,81.59989
6.85732,81.46571
6.86213,81.46165
7.0117,81.60833
7.01405,81.62167
7.05386,81.45487
7.0563,81.45523
7.05682,81.45827
7.05835,81.59419
7.05969,81.45664
7.06316,81.80867
7.09891,81.70583
7.09954,81.70715
7.11475,81.67311
7.17839,81.81988
7.21062,81.82043
7.21071,81.82072
7.25258,80.891
7.25519,81.708
7.2765,81.73724
7.29333,81.80293
7.30922,81.77083
7.30948,81.76926
7.31005,81.77242
7.32084,81.83221
7.33017,81.13794
7.33055,81.24025
7.33164,81.2386
7.33388,80.93858
7.33598,81.23946
7.33735,81.20861
7.34089,81.19734
7.34386,81.72089
7.35963,81.1146
7.37055,81.71949
7.37772,81.37109
7.37863,81.15845
7.38031,81.00896
7.39372,81.18061
7.4081,81.06524
7.47581,80.9069
7.47632,81.74171
7.48,80.90331
7.4839,81.20641
7.5465,81.29754
7.55034,81.30028
7.5525,81.30016
7.55483,81.72664
7.69899,81.23794
7.6996,81.24136
7.71905,80.52895
7.8105,80.81985
7.86967,80.6083
7.87255,80.60516
7.87323,80.60886
7.89672,80.64297
7.9031,80.61494
7.90335,81.47719
7.90781,81.475
7.9084,81.47823
7.90861,81.47627
7.93935,81.31718
7.94051,81.29297
7.94348,81.30961
8.07954,80.59356
8.08167,80.59393
8.09333,80.78801
8.16788,80.58058
8.16905,80.58099
8.1841,81.33057
8.28928,81.02506
8.34616,81.03253
8.3484,80.66866
8.35486,80.79696
8.36511,80.79137
8.37057,80.79036
8.38044,80.47367
8.38162,80.47205
8.38184,80.82143
8.38229,80.47581
8.38728,80.82038
8.41492,80.56696
8.41631,80.3227
8.417,80.32652
8.43109,80.65472
8.43729,80.78544
8.43836,80.78616
8.44558,80.73347
8.46852,81.11768
8.47271,80.81999
8.47463,80.83051
8.47527,80.83401
8.47878,80.82249
8.47942,80.826
8.49191,80.80196
8.49255,80.8055
8.4979,80.15121
8.51043,80.68813
8.52422,80.67086
8.52491,80.67143
8.52835,80.81718
8.53487,80.79079
8.53549,80.7943
8.53568,80.79343
8.54068,80.66792
8.54718,80.61058
8.55356,80.76841
8.55561,80.68747
8.57298,80.41463
8.57462,80.41475
8.57646,80.64652
8.5813,80.64192
8.58795,80.74087
8.59681,80.66502
8.61355,80.69516
8.61902,80.69415
8.61938,80.69332
8.62972,80.6591
8.62986,80.65842
8.63088,80.72893
8.6315,80.72802
8.63386,80.52625
8.63886,80.4912
8.63953,80.49488
8.6888,80.35437
8.69176,80.35313
8.72116,81.12231
8.72707,81.12466
8.76981,80.87205
8.85165,80.32201
9.41724,80.38377
9.43089,80.39628
9.43142,80.39938
9.43211,80.3729
9.43242,80.37336
9.4328,80.37656
9.43308,80.37701
9.43506,80.38796
9.43638,80.39525
9.64267,80.31721
9.643,80.31789
9.64335,80.32085
9.64366,80.32153
6.15852,80.93163
30.44718,73.801
18.5739,72.24182
6.82944,81.44043
6.8483,81.47719
6.84907,81.48148
7.12036,81.83202
7.20586,81.80885
8.57365,80.37617
8.66278,81.14859
8.72573,80.74754
8.97291,80.68935
29.08413,88.01273
29.13515,89.25123
24.84141,68.06506
29.27192,71.18018
29.27299,71.17931
36.74481,95.23365
36.74516,95.23571
6.81137,80.87222
6.81319,80.87464
6.81385,80.87016
6.81518,80.87301
6.817,80.87542
6.81763,80.87114
6.86092,81.53809
7.8021,80.47414
8.11868,80.81451
8.11915,80.81272
8.1194,80.80952
8.1199,80.80773
8.12011,80.80454
8.12065,80.80275
8.12404,80.80512
31.76995,70.11077
32.29657,74.31654
32.64531,72.97565
32.88881,71.6145
33.23443,71.51507
33.24416,71.29903
33.29671,71.18774
34.84531,73.12538
30.53625,73.78582
28.42477,69.69869
28.42534,69.70181
30.55232,73.53129
23.74449,90.5308
30.56237,73.82388
24.08363,90.3568
29.23654,88.87944
30.56397,73.93568
7.52567,81.08916
30.57205,73.08247
9.38294,80.44886
9.38339,80.4523
9.41203,80.44762
9.41747,80.44695
30.57224,73.57421
30.5739,73.75737
30.57448,73.76154
24.95683,68.29113
25.38717,68.58321
30.57561,73.57358
27.62484,69.46795
27.62835,69.46737
27.75767,68.69473
30.58379,73.40329
30.46343,71.93924
31.50933,72.26437
31.93829,72.37972
32.88894,71.61886
30.58438,73.40739
30.59805,73.35839
21.59176,96.22928
30.60613,73.98853
7.43697,81.32012
35.22365,72.93259
30.60885,73.38584
28.42461,69.70064
31.76838,70.1084
32.08598,74.16589
32.08685,74.16118
32.29058,70.73904
32.57529,72.56393
33.23603,71.51531
33.40789,71.94046
33.54621,71.55232
30.61312,73.53741
30.63276,73.87973
30.63515,73.66958
30.64364,73.80522
30.64423,73.80941
29.55473,90.99751
29.55749,90.99095
29.65337,90.98225
6.24721,80.86079
6.26749,81.05721
6.45618,81.09254
6.45692,81.09754
6.45926,81.09015
6.45996,81.09512
6.46012,81.09199
6.55183,80.87236
6.55189,80.87561
6.56987,81.05585
6.57044,81.05381
6.57118,81.0588
6.71188,81.53472
6.72053,81.5371
6.72105,81.5407
6.72933,81.16361
6.7333,81.16302
6.7412,81.50845
6.74123,81.50769
6.74882,81.53226
6.74896,81.53299
6.77788,81.78619
6.7977,81.55489
6.81451,81.55614
6.81849,81.5262
6.863,81.43449
6.89576,81.66621
6.96385,81.61536
7.01565,81.40194
7.01929,81.60059
7.10918,81.68468
7.13256,81.41004
7.21619,81.59032
7.27317,81.1773
7.27678,81.14547
7.27753,81.15067
7.27994,81.59621
7.29368,81.80795
7.31546,81.10326
7.31621,81.10839
7.31681,81.76224
7.32021,81.10786
7.32289,81.80387
7.3236,81.80315
7.32474,81.2229
7.33473,81.20717
7.34377,81.73465
7.35118,81.19792
7.35132,81.81868
7.35166,81.2014
7.35215,81.2049
7.35264,81.2084
7.35635,81.76369
7.36431,81.55346
7.36655,81.24904
7.36683,81.77773
7.36748,81.57545
7.37411,81.56326
7.37766,81.24046
7.37768,81.55894
7.3884,81.54617
7.38893,81.54981
7.39143,81.54616
7.39302,81.54917
7.39604,81.54919
7.39712,81.54854
7.4049,81.77624
7.4156,81.56924
7.43686,81.39532
7.43925,81.32561
7.45403,81.34198
7.4743,81.05003
7.48906,81.38728
7.51956,81.30991
7.61757,81.15485
7.61807,81.15833
7.62159,81.15429
7.67645,81.44918
7.69219,81.52925
7.78376,81.21587
7.78425,81.21941
7.80813,81.45168
7.80942,81.45202
7.81643,81.36108
7.87288,81.46512
7.87428,81.41622
30.77115,74.14696
30.7842,73.36603
30.7926,73.87738
9.40266,80.43048
9.42778,80.38101
30.79599,73.87675
30.82164,74.19134
30.85107,72.98405
30.85178,74.15494
30.85857,73.87467
30.02923,71.74337
30.08648,71.7243
30.11638,73.26059
30.11697,73.26498
30.90073,73.92774
30.35123,73.65195
31.12675,74.30208
31.2082,73.91856
31.2118,73.91795
31.39489,72.12487
31.4235,72.12935
31.46879,72.1555
31.56918,72.22474
31.56943,72.27724
31.58139,72.28816
32.05318,73.38254
32.09223,73.23719
32.30693,73.28819
32.8883,71.61584
33.58202,69.2417
33.84936,72.20547
7.13631,81.13902
7.14013,81.1341
7.28379,81.16539
7.6078,81.15397
8.86712,81.02701
8.86843,81.02491
30.94395,74.06419
30.99726,73.40289
31.769,70.10805
32.0868,74.16059
32.08741,74.15643
32.13232,74.17843
32.57351,72.56357
32.64409,72.9769
32.88999,71.6175
33.29611,71.18341
33.29622,71.18803
31.02481,73.49213
31.04935,73.37223
26.09499,68.87773
31.05218,73.56407
31.06009,73.47258
28.35198,70.13081
28.42588,69.698
31.06068,73.47674
31.08831,73.79919
31.15968,73.68676
31.16026,73.69098
31.16064,73.96937
31.16306,73.68612
6.95868,79.95699
6.74823,81.75127
6.99914,81.59812
6.99967,81.60159
7.00193,81.59413
7.00246,81.59761
7.00911,81.5966
7.07676,81.82498
7.09931,80.83875
7.17094,81.64171
7.1865,81.38634
7.32466,81.76436
7.33384,81.80244
7.43173,81.31496
7.4614,80.99762
7.47357,81.65829
7.52729,80.8979
7.60614,81.15155
7.65419,81.40054
7.70496,81.42134
7.73714,79.95287
7.73915,79.95213
7.8739,80.07893
7.87699,80.62096
7.88657,80.13833
7.88696,80.61943
7.92286,81.40872
7.94071,81.30248
7.94124,81.30596
7.94297,81.295
7.94403,81.30197
7.94456,81.30545
7.95897,80.09814
7.96847,80.62367
7.99786,80.37258
7.9984,80.37608
8.01197,81.41592
8.03437,80.19405
8.08878,80.19277
8.14198,79.99303
8.2525,80.51107
8.26829,80.17477
8.28108,80.16919
8.29091,80.21081
8.30053,80.16256
8.30774,80.12835
8.31053,80.29387
8.34692,80.20496
8.34746,80.20847
8.35775,80.80066
8.36229,81.05286
8.3721,80.43393
8.3754,81.1614
8.37858,80.18925
8.38648,80.15206
8.38703,80.15557
8.4223,81.09
8.42869,80.62504
8.4316,80.79919
8.43458,80.5528
8.44716,80.87873
8.4479,80.75037
8.46928,80.77913
8.47334,80.16677
8.47485,80.77115
8.47952,80.82387
8.48646,80.36195
8.49225,80.81834
8.49849,80.39584
8.49889,80.81732
8.51151,80.56882
8.51499,80.74651
8.5192,80.46411
8.55709,80.62238
8.55763,80.62587
8.56241,80.85677
8.57523,80.74078
8.5921,80.41267
8.59252,80.60977
8.59517,80.82677
8.61153,80.51681
8.6128,80.70208
8.61921,81.14049
8.6213,80.7978
8.62135,80.97601
8.62952,80.56754
8.63006,80.57103
8.63045,80.70648
8.63466,80.53464
8.6401,80.65864
8.65994,80.76608
8.66698,80.36886
8.67386,80.74609
8.68129,81.15162
8.6821,80.75552
8.74873,80.32748
8.78987,80.99559
8.80894,80.39244
8.85911,80.74155
8.90582,80.40517
8.91568,80.42508
8.97013,80.69147
8.9767,80.37984
8.97723,80.38334
35.96902,68.68529
9.04133,80.45132
9.11122,80.50833
9.17411,80.12911
28.42436,69.69997
9.18498,80.30385
9.19589,80.66298
30.18614,72.86514
9.26766,80.71529
9.28584,80.72318
9.39429,80.28052
9.41306,80.4028
9.41691,80.40578
30.18677,72.86037
30.18687,72.86211
30.37416,73.67671
33.16031,73.17609
27.71435,68.49007
31.3222,72.33394
29.78555,91.60432
32.5747,72.56332
32.8878,71.61481
32.88905,71.61505
35.96856,68.68645
25.3894,68.57961
27.71806,68.49272
28.42419,69.70075
19.36855,71.35361
7.39012,80.88872
7.39378,80.89077
7.39473,80.88899
8.09268,80.79333
8.11074,79.87141
8.11138,79.86758
8.11194,79.87071
6.19543,81.0187
6.23883,81.20638
6.32778,81.01263
6.33772,81.34603
6.33925,81.34753
6.35255,81.13854
6.39061,81.01627
6.411,81.08882
6.41308,81.00175
6.56763,80.98006
6.70304,81.54429
6.7111,81.59296
6.73593,81.59883
6.73672,81.60365
6.74266,81.51804
6.80369,81.52106
6.81535,81.51917
6.8355,81.49601
6.83939,81.49536
6.84047,81.57497
6.84425,81.54947
6.84813,81.54882
6.85314,81.40752
6.93935,81.63994
7.07303,81.20502
7.07577,81.20669
7.07607,81.5708
7.09516,81.44301
7.0955,81.44486
7.16827,81.57197
7.21606,81.76827
7.28933,81.79167
7.31592,81.76345
7.32506,81.74758
7.33726,81.72639
7.35682,81.82351
7.29757,81.14172
7.36199,81.50616
7.39489,81.77684
7.40997,81.6543
7.42719,81.31733
7.45584,81.64682
7.45856,81.64819
7.63038,81.58308
7.6342,81.58244
7.7604,81.24961
7.78377,80.22298
7.78867,80.81643
7.79142,81.55624
7.85497,80.34256
7.86408,81.44665
7.86625,81.44823
7.8685,81.43804
7.90392,80.63752
7.94456,81.37131
7.94534,81.37614
7.94756,81.31615
7.94843,81.31799
7.95932,80.72301
7.96034,80.72224
7.96814,80.59685
7.98507,80.62343
8.00779,81.43661
8.03059,80.59743
8.03119,81.28948
8.13979,81.4119
8.18792,80.69052
8.24386,80.60502
8.26053,80.58041
8.26432,80.55347
8.29877,80.15601
8.30062,80.15585
8.30368,81.01878
8.3076,81.01814
8.3114,80.28439
8.31414,80.28391
8.32899,80.29664
8.34424,80.18712
8.349,80.19014
8.35582,80.28069
8.36403,80.27928
8.37648,81.04984
8.37836,80.6104
8.38429,81.04854
8.38557,80.25662
8.39226,81.16862
8.40258,80.63156
8.40672,80.25681
8.40733,80.26052
8.41083,80.25612
8.41403,80.62608
8.41644,80.41689
8.41854,80.18941
8.42361,80.5847
8.43706,80.33877
8.44123,80.37093
8.44242,80.37146
8.45904,80.40157
8.4631,80.4009
8.46341,81.0887
8.46372,80.40453
8.46717,80.40021
8.4673,81.08805
8.46778,80.40383
8.47152,80.72465
8.4955,80.82083
8.49863,80.81506
8.49946,80.82017
8.51547,80.31347
8.51704,80.59698
8.51814,80.67673
8.51878,80.7773
8.51968,80.43941
8.52105,80.59629
8.52566,80.47535
8.52771,80.89381
8.54025,80.51318
8.54781,80.68247
8.56386,80.50555
8.56749,80.72697
8.56789,80.50488
8.56902,80.48644
8.5695,80.76366
8.57147,80.7263
8.57321,80.5876
8.574,80.66736
8.57504,80.4455
8.57664,80.58342
8.57722,80.58692
8.59583,80.77507
8.59837,80.79054
8.60734,80.91888
8.60837,80.85137
8.62578,80.64729
8.65193,80.82672
8.65909,80.69933
8.66735,80.72438
8.67641,80.90026
8.68091,80.87888
8.68468,81.02161
8.68568,80.88323
8.68774,81.01603
8.70056,80.87553
8.74317,80.18766
8.86808,80.87281
8.89549,80.42211
8.8961,80.42565
8.91162,80.4194
8.9195,80.3924
8.92028,80.4216
8.92294,80.38815
9.02756,80.16605
9.02817,80.16972
9.05315,80.14268
9.05558,80.14168
9.08676,79.74698
9.08716,79.74696
9.08741,79.75088
9.10153,80.28739
9.10582,80.31257
9.11247,80.27811
9.24176,80.27779
9.25795,80.27505
9.39288,80.43707
9.39346,80.44057
9.39688,80.43639
9.40603,80.44202
9.41327,80.36134
9.41424,80.36042
9.41566,80.40079
9.41568,80.39275
9.41628,80.39626
9.41689,80.39977
9.41749,80.40327
9.41908,80.39658
9.42139,80.41061
9.42197,80.41412
9.4227,80.40959
9.4233,80.41309
9.4273,80.41241
9.4283,80.39423
9.44431,80.39148
9.53506,80.38695
9.60892,79.98938
9.63981,80.21948
9.64288,80.3102
9.6828,79.86526
27.52273,68.33573
30.67169,73.90612
32.2988,73.30443
36.37709,94.95622
36.37725,94.94768
36.3801,94.95391
36.38021,94.94536
36.38425,94.95636
36.38441,94.94778
35.99104,94.83133
36.38047,94.95726
36.38081,94.95837
36.38214,94.95275
22.47377,91.73272
29.78695,91.60675
11.2683,80.00274
6.36316,80.74545
6.57419,81.11971
6.71948,81.22217
6.77234,81.00491
6.77437,81.00439
6.85561,81.53905
6.93451,81.20994
6.95969,79.95614
6.96968,81.59444
6.97034,81.59041
6.97323,81.59503
6.97389,81.591
7.0813,80.82124
7.21528,81.04633
7.24225,80.88264
7.24854,80.88733
7.37611,81.18176
7.37958,81.18234
7.38553,80.94897
7.43566,81.24219
7.88871,81.18806
8.07564,80.76885
8.23957,80.5554
8.44806,80.39248
8.49787,80.81718
8.5307,80.74348
8.53409,80.74403
28.42366,69.70154
32.88779,71.6153
33.29609,71.18719
25.38806,68.58345
6.36817,81.33694
6.37194,81.33924
6.38213,81.1468
6.38365,81.1438
6.71637,81.49741
6.73045,81.28866
6.7437,81.28638
6.98739,81.59515
7.30336,81.1138
7.30796,81.81413
7.32888,81.82094
7.32968,81.81718
7.34757,81.45149
7.34827,81.45456
7.35866,81.40395
7.80901,81.38439
7.80918,81.38655
8.07391,80.77219
8.07671,80.76878
8.07786,80.77467
8.47523,80.67675
8.5725,80.62511
8.78643,80.98024
8.99527,80.7809
24.07321,96.04733
24.07573,96.04757
24.07692,96.54836
26.96694,90.04264
26.96781,89.97786
28.90347,89.5985
29.22488,88.35183
29.24969,88.8512
29.25687,88.85385
6.43755,81.07249
7.18133,81.19161
7.3016,81.11191
7.30424,81.11216
7.42141,81.16647
7.93745,81.35905
7.93791,81.36346
8.20317,79.9137
8.43758,80.66031
30.39994,73.71344
30.45492,72.11394
30.50964,72.80186
31.00338,72.18047
31.40315,72.50063
35.98909,94.83257
35.98978,94.82835
17.60466,83.20252
17.6089,83.2031
6.73874,81.20061
7.0567,81.00087
7.0977,81.07322
7.09819,81.07236
7.09829,81.06927
7.09879,81.06809
7.16669,81.71954
7.22024,81.14927
7.27776,81.28109
7.27879,81.28441
32.29051,70.73896
32.88889,71.6182
33.29773,71.18772
33.5474,71.55044
28.425,69.69938
20.96418,94.86232
29.08405,88.01155
29.66766,91.91384
6.52771,81.11231
6.71762,81.08398
6.74807,81.51759
6.79838,81.44492
6.85608,81.75537
7.15503,80.97341
7.15662,80.97082
7.15935,80.96866
7.16001,80.97327
7.16158,80.97058
7.16425,80.96798
7.1649,80.97253
7.16641,80.96938
7.16668,81.01984
7.30329,81.19003
7.30441,81.79688
7.31644,81.84643
7.32001,81.79483
7.34063,81.42898
7.38769,81.77917
7.44249,81.39476
7.69291,81.59333
7.88901,80.67115
8.01478,80.62977
8.01957,80.31305
8.30899,80.57829
8.49439,80.82851
8.56913,80.77627
8.56977,80.46552
8.61324,80.83712
8.61819,80.8364
8.62862,80.64883
8.62935,80.6543
8.92843,80.69376
8.92972,80.69118
9.41015,80.39861
9.4129,80.40137
9.42267,80.38055
9.61047,80.29727
9.61269,80.30055
16.55141,82.59755
28.42584,69.70153
29.95974,72.17165
30.63301,73.60488
30.80869,71.99914
30.89104,73.20267
31.08036,74.34518
31.40357,72.55518
31.51264,72.28911
32.88841,71.6194
29.08693,88.00976
7.64049,80.96828
7.2735,81.28102
33.29536,71.18689
33.54464,71.54842
33.68822,72.71246
33.85027,72.87061
33.90289,71.91724
33.90868,71.46279
28.42683,69.69943
32.08799,74.16105
32.10258,74.17775
32.28942,70.74173
32.29401,70.73388
32.57596,72.56307
32.71789,72.77715
32.88977,71.61715
25.38534,68.57845
29.66602,91.18839
29.68351,91.14562
29.69793,91.15185
6.25056,81.16558
6.59563,81.12982
6.62764,81.1975
6.62826,81.20171
6.62887,81.20591
6.6325,81.20537
6.70091,81.21671
6.70154,81.22091
6.70454,81.21617
6.70469,81.21725
6.70517,81.22038
6.70529,81.22145
6.70817,81.21564
6.70832,81.21671
6.7088,81.21983
6.70943,81.22404
6.70953,81.22513
6.72541,81.36154
6.72609,81.36019
6.73775,81.53931
6.74745,81.38467
6.75111,81.38413
6.75276,81.09026
6.76355,81.4702
6.7767,81.53517
6.79162,81.55989
6.8122,81.16679
6.81303,81.1674
6.86466,81.47404
6.86836,81.47356
6.87135,81.44212
6.87901,81.52132
6.87965,81.52573
6.88271,81.52078
6.88335,81.52519
6.88819,81.66446
6.90784,81.4859
6.91892,81.48431
6.9783,81.33369
6.98196,81.33311
6.99311,81.48762
6.99681,81.48708
7.00675,81.50349
7.01044,81.50293
7.10648,81.71599
7.10673,81.71281
7.10736,81.71725
7.28552,81.70193
7.28824,81.13609
7.29306,81.77975
7.29373,81.78432
7.29552,81.13499
7.29684,81.77921
7.2975,81.78377
7.29885,81.79293
7.3017,81.75987
7.30556,81.83883
7.30826,81.85727
7.3126,81.7816
7.3149,81.8234
7.32252,81.76852
7.3246,81.78455
7.3251,81.78683
7.32867,81.81205
7.329,81.81437
7.32906,81.78858
7.32953,81.79086
7.33148,81.7789
7.33417,81.45088
7.36528,81.26039
7.36624,81.2598
7.36896,81.25998
7.41669,81.25322
7.42036,81.25268
7.42791,81.59241
7.44073,81.28928
7.44835,81.68165
7.46413,81.39714
7.4673,81.31651
7.48018,81.02367
7.48079,81.02785
7.54853,81.36391
7.57043,81.61926
7.57651,81.40005
7.57716,81.40447
7.63637,80.97568
7.637,80.97987
7.63762,80.98406
8.17185,80.48933
8.22376,79.9154
8.29243,80.20691
8.33228,81.02814
8.3507,80.67214
8.35207,80.67225
8.35752,80.23368
8.36105,80.23316
8.37075,80.59804
8.4179,80.5202
8.41851,80.52428
8.42033,80.56149
8.42392,80.56097
8.44314,80.35169
8.44372,80.35572
8.44847,80.80316
8.47277,81.33554
8.47545,80.57486
8.52343,80.70296
8.52601,80.82277
8.53026,80.82647
8.56757,80.34253
8.57438,80.56564
8.58405,80.45564
8.59756,80.82961
8.62952,80.64198
8.63257,80.34579
8.63329,80.34522
8.66378,80.43628
8.67924,80.44233
8.69478,80.34908
8.7244,80.32823
29.78545,72.26527
30.15438,73.2097
30.16365,72.41509
30.26614,72.98603
30.35581,73.60623
30.41115,73.77779
30.55025,73.47831
30.6344,73.05245
30.64405,72.29908
30.85566,71.98112
30.8567,71.94377
31.09643,72.31196
31.09704,72.31596
31.74621,72.21912
31.86618,72.92677
32.57449,72.56425
32.10264,74.17625
33.2966,71.18492
33.6881,72.71527
35.96903,68.68799
18.57702,72.242
25.38861,68.58073
26.09389,68.87976
28.42473,69.69848
22.4152,69.03896
8.54511,80.56976
8.66969,80.53839
8.69024,80.84766
8.77482,80.87483
8.87628,80.67516
8.99618,80.83887
9.00604,80.68044
9.04064,80.67525
9.07845,80.47284
9.15012,80.21935
9.34108,80.16885
9.6447,79.92132
25.21213,68.3015
26.53106,68.25273
28.51536,68.00385
28.51605,68.00181
31.608,74.33546
32.5758,72.56439
30.06765,96.97842
22.47516,91.73235
35.96835,68.68652
35.97722,79.17194
29.39776,70.99824
32.29348,70.72976
32.57602,72.56142
32.88788,71.61542
33.29676,71.18489
33.40617,71.93729
33.40668,71.93626
11.2694,80.00464
32.29206,70.73114
32.88802,71.61938
33.2675,71.31137
33.27002,71.31249
7.47004,81.04136
7.60005,81.70477
7.62258,80.95859
7.72983,79.9324
7.93105,81.38248
7.93113,81.2623
7.93412,81.38229
7.93437,81.33264
8.07976,81.34676
8.16389,81.33283
8.18319,81.21323
8.18388,81.21734
8.18817,81.2166
8.39403,81.18223
8.49397,80.63341
8.90006,80.48241
8.92234,80.68958
9.13851,80.74121
9.38627,80.50593
9.4147,80.41617
9.42552,80.37328
9.45494,80.49021
27.73219,68.73432
29.47649,70.75252
29.70477,72.60225
31.39647,72.43313
31.39734,72.43457
31.39786,72.4391
31.4112,72.16735
31.45704,72.16631
30.17446,72.42593
30.17456,72.42779
30.70947,73.97901
25.81079,88.8863
29.08417,88.0132
8.99971,80.67416
11.26739,80.00417
6.85014,81.04932
6.8742,81.44757
7.3066,80.94781
7.30935,80.95189
7.30991,80.94836
7.31267,80.95242
7.31323,80.94892
8.40721,80.75729
8.41052,80.75783
28.42398,69.70206
32.88834,71.61575
33.29675,71.1889
33.80159,72.09836
30.71899,73.09184
7.89501,81.47443
7.89723,81.41067
7.89822,81.47876
8.17243,81.31873
8.17521,81.31606
20.12857,94.99934
24.11654,96.44064
6.35878,81.14948
6.35941,81.15408
6.36902,81.26952
6.69037,80.83154
7.25844,81.21591
7.26356,81.21234
7.26419,81.21719
7.26466,81.21556
7.28158,81.30244
7.54263,81.63725
7.59886,80.97195
7.86299,81.47017
7.95368,81.35379
8.44541,80.87798
8.51392,80.6392
8.69215,80.8621
30.65448,74.01004
8.91704,80.38799
8.94732,80.56693
9.06209,80.29271
9.39631,80.47998
10.02321,79.23365
24.8247,68.06085
24.9635,68.29146
25.3872,68.58287
28.73033,68.09136
28.73092,68.09602
29.90467,72.59055
30.01328,72.56928
30.64728,71.75764
30.889,72.16714
33.47198,68.28136
24.25639,91.37678
6.43064,80.86023
6.62802,81.19518
6.62906,81.1973
6.69147,80.83995
6.69223,80.83482
6.69242,80.83759
6.85854,81.09821
6.86302,81.10007
6.86042,81.10104
6.86124,81.09518
6.93897,81.60261
7.0516,80.8127
7.22388,81.14285
7.22787,81.14833
7.22851,81.14391
7.22923,81.13885
7.23261,81.14859
7.23396,81.13914
7.25981,81.20732
7.26242,81.20609
7.62339,81.76878
7.6244,81.77097
35.96759,68.68444
28.4253,69.70142
32.2889,70.73969
32.29366,70.73219
32.57403,72.5666
32.88902,71.61536
33.54516,71.54924
25.38887,68.5822
30.66466,73.98294
6.23004,81.06303
6.23047,81.06284
6.28867,80.91139
6.29997,80.98937
6.41853,81.12688
6.42231,81.122
6.51853,81.10849
6.64284,81.09991
6.73667,81.62422
6.73724,81.6267
6.7373,81.62887
6.73792,81.63136
6.7623,81.50774
6.83494,81.45702
6.83975,81.55939
6.91316,81.45554
7.08648,81.79789
7.08782,81.79578
7.12555,81.73818
7.21426,81.77812
7.22807,81.13277
7.22857,81.1364
7.23305,81.13596
7.23752,81.13548
7.29642,81.83806
7.30184,81.26899
7.31318,81.17209
7.31527,81.17111
7.32558,81.43645
7.3813,81.23574
7.38174,81.10937
7.39139,81.30784
7.39155,81.24351
7.39219,81.24805
7.39605,81.24292
7.42954,81.75178
7.44215,81.70579
7.44681,81.24532
7.44826,81.24146
7.44888,81.24596
7.51386,81.65334
7.52232,80.90304
7.52304,81.1058
7.52482,81.10393
7.52545,81.10831
7.52607,81.11268
7.52671,80.90238
7.52691,81.10084
7.5275,81.10516
7.5281,81.10955
7.5287,81.11393
7.52928,81.10335
7.5299,81.10768
7.53053,81.11201
7.53314,81.11317
7.59265,81.4476
7.70094,80.39207
7.70519,80.39142
7.75189,81.25346
7.75295,81.25404
7.82808,80.84888
7.85508,81.42368
7.85574,81.42837
7.90849,81.36997
8.06318,81.14916
8.06456,81.14703
8.1191,80.59635
8.12639,80.55296
8.19289,81.20457
8.19289,81.20832
8.29942,81.03003
8.31046,80.65611
8.3952,80.68755
8.41088,80.18614
8.44913,80.87863
8.47491,80.3939
8.47922,80.3933
8.49986,80.66592
8.50443,80.82825
8.51689,80.75557
8.56571,80.90945
8.56634,80.91386
8.56811,80.90949
8.5687,80.91391
8.60799,80.5139
8.61871,80.88013
8.62317,80.87952
8.66704,80.74513
8.69701,80.86628
8.73711,80.99287
8.80154,80.3954
30.72165,73.91595
9.02323,80.83984
9.02384,80.84435
9.1541,80.74639
9.21012,80.80761
30.73036,73.85374
9.38992,80.58401
9.39086,80.58241
9.39435,80.58342
9.42854,80.37435
9.43555,80.42497
9.78078,80.23373
29.95266,72.0762
29.95557,72.60442
29.96772,71.26892
29.96822,71.26781
29.97297,72.62572
29.97413,72.18383
29.97657,72.62513
29.97767,72.18323
30.0102,72.62923
30.01081,72.63397
30.01381,72.62862
30.12338,71.33872
30.32764,72.14849
30.32824,72.15308
30.41897,71.74954
30.63585,73.59945
30.63913,71.97771
30.89714,71.94514
31.52647,72.2468
20.18982,94.93205
30.74926,73.88917
24.28024,91.38567
25.60961,89.81148
25.61233,89.81267
6.60867,81.18574
7.57253,80.92683
7.57323,80.92142
7.57378,80.92686
7.57451,80.92145
30.74985,73.89339
32.08467,74.16386
32.08796,74.16459
25.38654,68.58464
25.38717,68.58005
26.0932,68.88027
30.76441,73.15488
28.30434,68.08573
28.42477,69.7021
30.74904,73.88981
19.36821,71.3552
19.37153,71.3558
19.37213,71.35212
30.76792,74.07297
7.57133,80.92029
6.21678,80.89765
6.21973,80.87165
6.29387,81.24715
6.35584,81.14819
6.35923,81.14768
6.3817,81.29693
6.48633,80.71687
6.52056,81.05968
6.54586,80.97478
6.56569,80.94603
6.60576,80.88501
6.6253,81.24866
6.62535,81.24851
6.6259,81.25217
6.70792,80.98251
6.71841,80.84508
6.72233,81.24533
6.72316,81.06162
6.72654,81.06101
6.72991,81.06036
6.73046,81.06409
6.73328,81.05975
6.75499,81.74423
6.77269,81.20744
6.77621,81.18446
6.7872,81.46957
6.80653,81.24734
6.8106,81.48529
6.82714,81.50195
6.83426,81.43214
6.95979,81.57388
6.96545,81.61172
7.04992,81.78621
7.19321,81.76139
7.2192,81.13906
7.21973,81.14264
7.2488,81.26661
7.27521,81.11919
7.30599,81.79197
7.30818,81.85501
7.30823,81.83119
7.31885,81.75852
7.32287,81.78553
7.32629,81.8325
7.32756,81.21307
7.3295,81.04007
7.32988,81.76083
7.33097,81.21256
7.33153,81.21626
7.33495,81.21577
7.34035,81.75928
7.38552,81.11015
7.38607,81.11382
7.38893,81.10962
7.38948,81.11331
7.40332,81.2776
7.4271,80.96945
7.45547,81.08854
7.45602,81.09219
7.50024,80.96915
7.50069,81.27799
7.52927,80.93124
7.52982,80.93488
7.53321,80.93436
7.57791,80.85709
7.61121,80.964
7.61461,80.96349
7.64166,80.67686
7.64815,80.93231
7.70978,81.25452
7.72984,81.24775
7.79305,81.15463
7.92285,81.39185
7.94184,81.19656
7.9423,81.31919
7.94464,81.31114
7.9452,81.3149
7.9938,80.16321
8.16379,79.83366
8.21754,81.10218
8.41734,81.08703
8.45045,80.81741
8.65339,80.63652
8.68008,80.83871
8.68966,80.85621
8.82787,80.89571
8.87924,81.03294
8.95379,80.75946
9.00053,79.86462
9.00601,79.87824
9.0254,79.83466
9.41284,80.44965
9.43061,80.44665
25.09726,68.29532
27.93253,68.64394
31.14108,73.58968
32.57539,72.56554
32.57585,72.56123
25.39003,68.58031
6.56044,81.14934
6.64198,80.81609
6.64253,80.81303
6.64453,80.81778
6.64509,80.81454
6.64705,80.81706
6.64764,80.81381
6.86048,81.57622
6.86581,81.57717
7.25554,81.11653
7.32876,81.21317
7.39811,81.10191
18.57617,72.24023
7.39327,81.09946
7.39688,81.09885
7.51083,81.69547
7.80986,81.37318
7.81049,81.37718
7.81277,81.36861
7.8134,81.37262
8.07838,80.0887
8.24257,80.90491
8.43317,80.33639
8.77386,80.41042
8.77498,80.40853
30.90132,73.932
17.60843,83.20383
30.93381,74.09245
29.47919,71.78834
29.48029,71.78488
29.56096,69.60496
29.82557,72.8396
29.98619,72.59346
30.00368,72.55402
30.4485,71.695
30.46146,72.13331
30.47054,72.13536
30.48677,71.85528
30.4877,71.85971
30.62073,72.08163
30.6631,72.1522
31.32454,72.16799
31.53478,72.39529
33.55837,70.22543
35.77929,71.34325
35.77944,71.34021
35.78532,71.34322
30.93888,74.07832
32.57627,72.55994
32.88974,71.61488
7.88986,80.12818
35.78307,71.34697
35.78323,71.34509
35.78896,71.32448
35.78955,71.32182
32.28937,70.73895
32.29071,70.73856
32.29176,70.73003
27.50355,68.7322
27.50491,68.73128
6.17408,80.89262
6.32669,81.36333
6.34838,81.34315
6.35328,81.34239
6.4117,81.11542
6.43771,81.08816
6.439,81.09145
6.71469,81.05596
6.72955,81.2878
6.76594,81.58269
6.76642,81.58532
6.76744,81.79575
6.77002,81.52097
6.78047,81.52434
6.87378,81.61257
6.87433,81.61431
6.92842,80.95791
7.32121,81.73981
7.32284,81.83524
7.33425,81.80524
7.33641,81.84488
7.33737,81.80772
7.33841,81.84257
7.36009,81.76063
7.39444,81.76482
7.4015,81.54913
7.40222,81.54768
7.4526,81.38583
7.51929,81.26375
7.68064,80.17931
7.87591,81.39789
7.90395,81.47636
7.90481,81.42422
8.0688,81.23716
8.0697,81.24239
8.13909,81.41647
8.18642,81.32485
8.3067,80.45334
8.50192,80.8325
8.61922,81.18944
8.63243,80.87387
25.03907,96.37116
29.88109,72.81339
29.95708,72.17453
30.04478,71.98708
30.0458,71.99122
30.57678,72.26831
30.57812,72.26745
31.24405,70.69089
31.57732,73.91469
35.77949,71.34142
35.78005,71.34366
35.78503,71.34227
25.38739,68.584
30.07782,72.41095
35.98956,94.83291
7.90925,81.23074
7.91703,81.22473
8.06154,80.76864
8.06492,80.76916
8.55599,80.63945
9.00172,80.64706
6.59516,81.25749
6.78544,81.53284
6.81104,81.30546
6.81436,81.30598
6.85888,81.5591
6.93446,81.59588
6.93567,80.96031
6.939,80.96082
6.96207,81.59312
7.00823,81.19087
7.00877,81.18748
7.01209,81.18801
7.10348,80.99658
7.21913,81.1442
32.0888,74.16383
28.42265,69.70271
6.38202,81.0257
6.3825,81.02918
6.68782,81.21521
6.68831,81.21883
7.18049,81.00858
7.18077,81.00758
7.91424,81.47617
7.93612,80.75471
8.15321,81.32706
8.38041,80.17516
8.50201,80.25056
8.50331,80.26043
8.58456,80.87868
8.62785,80.65689
8.72843,80.47789
8.72888,80.48133
8.96516,80.32503
9.00208,80.6894
9.13136,80.44212
9.13221,80.44027
9.16061,80.66372
9.16139,80.66515
25.20996,68.73409
25.38725,68.58302
25.41183,68.25375
25.5373,68.85468
28.1092,69.16533
29.64513,71.6638
29.64557,71.66782
29.87196,72.63807
30.55099,71.64114
30.62984,72.17395
30.63135,72.03081
30.63265,72.03162
30.65683,71.97965
30.716,72.87063
30.7853,72.02888
31.03059,70.82815
35.83731,71.41198
35.99004,94.83039
29.26384,91.9249
29.37553,91.15138
29.6602,90.89964
29.6605,90.89847
30.07011,96.97737
31.62966,72.91965
6.75746,80.83669
7.20609,81.10449
35.96593,68.68664
32.28909,70.73813
32.29366,70.73075
32.88816,71.61708
19.36947,71.35176
29.55282,90.96188
29.66986,90.99896
29.6841,91.14074
29.70123,91.11729
29.70388,91.11877
6.71394,81.47736
6.75863,81.78897
6.76902,81.36734
6.76952,81.3709
6.77589,81.53412
6.77634,81.53474
6.77998,81.53358
6.78043,81.5342
6.78809,81.47303
6.79066,81.46186
6.80085,81.47522
6.86874,81.71575
7.06421,81.81426
7.21928,81.10368
7.23446,81.77828
7.26114,81.30737
7.27627,81.3829
7.29912,81.1978
7.41772,81.64791
7.51518,81.66447
7.52985,81.67784
7.53184,81.66215
7.69557,81.30759
7.69609,81.31118
7.69964,81.30701
7.70016,81.31061
7.79772,81.47552
7.86656,81.46929
7.86916,81.48792
7.86968,81.49164
7.87329,81.48734
7.88716,81.43616
7.88768,81.43986
7.90225,81.48327
8.06051,80.6891
8.12584,81.42531
8.4068,80.52273
8.41071,80.52218
8.55964,80.872
8.56307,80.58379
8.5659,80.46375
8.56604,80.46652
8.58222,80.85816
8.65779,80.8905
8.66231,80.89346
8.68916,80.46336
8.80016,80.57328
8.80066,80.57003
8.80139,80.57509
8.80411,80.57274
8.82694,80.67886
8.83132,80.89387
9.01102,80.67626
9.0128,80.67327
9.01351,80.67845
9.015,80.6757
9.0321,80.0744
9.31116,80.1535
31.87037,73.71588
29.74283,71.27952
29.78008,72.30405
29.85568,71.38053
29.94082,72.06029
29.95238,72.94431
29.95464,72.57912
29.97913,72.60475
30.01564,72.56848
30.03947,72.11456
30.07075,71.48827
30.07664,71.52844
30.41155,71.94455
30.4149,71.94391
30.4806,71.81483
30.53525,71.77944
30.54259,71.71091
30.60084,72.0713
30.60707,72.18962
30.61927,72.15311
30.63605,71.72717
30.65054,73.60814
30.65344,72.12532
30.89121,73.19951
30.89181,73.20399
30.8953,73.20337
30.89589,73.20786
30.89827,73.22582
30.90756,73.21498
30.75119,71.95432
30.76738,72.01932
30.79395,71.93381
30.81083,71.85845
30.91165,73.21886
31.03194,73.37009
31.19237,72.09209
31.70236,72.48913
31.7036,72.48791
32.03644,71.12323
32.03977,71.12256
32.04037,71.12668
32.88853,71.61611
32.0223,73.18298
7.49311,81.1361
33.29664,71.1873
33.68887,72.71381
35.9678,68.6875
25.3884,68.58215
28.60834,68.63084
19.17778,70.94668
19.52935,71.30072
19.52992,71.29703
32.0229,73.18719
23.88082,96.3227
29.63094,94.37956
6.37115,81.1376
6.37501,81.0518
6.37833,81.05128
6.40712,80.86543
6.41216,80.85397
6.45107,81.01872
6.74334,81.44843
6.75534,81.39326
6.76564,81.50555
6.76617,81.50903
6.76897,81.50504
6.7695,81.50852
6.77933,81.5284
6.78265,81.5279
6.79901,81.41767
6.82552,81.50262
6.87988,81.72637
6.92249,81.82744
7.08286,81.548
7.08783,81.78349
7.08889,81.79051
7.08942,81.79402
7.09117,81.78297
7.09154,81.80807
7.11188,80.8494
7.13562,81.78342
7.14985,81.14191
7.15318,81.14142
7.17507,81.26253
7.17662,81.36192
7.20137,81.30119
7.2127,81.75674
7.2196,81.80241
7.22044,81.36495
7.22135,81.79135
7.22374,81.20788
7.226,81.20042
7.25144,81.69704
7.31725,81.13255
7.32174,81.20657
7.32294,81.19213
7.32385,81.22048
7.32439,81.22396
7.32838,81.20554
7.3329,81.19061
7.34131,81.7579
7.35452,81.26561
7.37122,81.77496
7.37176,81.77847
7.4235,81.29427
7.42812,81.68315
7.42865,81.68666
7.43956,81.31653
7.44289,81.31603
7.4536,81.69365
7.45797,81.21402
7.46201,81.68159
7.46924,81.26571
7.46977,81.26918
7.51028,81.09155
7.51081,81.09502
7.51134,81.0985
7.55715,81.71012
7.71951,81.42249
7.72114,81.34359
7.72394,81.3396
7.72447,81.34308
7.86744,81.48164
7.86798,81.48515
8.18145,80.48837
8.27499,81.05516
8.34802,80.2693
8.35009,80.26845
8.35063,80.27195
8.55446,80.49377
8.61206,80.51968
8.65191,81.13203
8.67931,80.75907
8.80854,80.32371
8.92352,80.47691
9.04828,80.18815
9.06104,80.53681
34.00508,72.73411
25.72742,68.40441
27.80209,69.54681
29.4572,71.3344
31.59891,72.30718
34.0741,72.14128
22.35315,96.7031
22.35743,96.70364
35.96585,68.68399
28.27054,69.7699
28.4244,69.69858
28.42625,69.69794
33.24784,71.28815
33.2496,71.28826
33.27397,71.59183
34.00568,72.73843
25.39021,68.58022
6.73721,81.02435
6.73881,81.02721
6.81776,81.16775
6.81964,81.17075
6.82044,81.16622
6.82248,81.16821
6.82433,81.17148
6.82513,81.16695
6.82814,81.17716
6.82898,81.17235
34.5732,71.77673
33.2472,71.29536
33.24773,71.29378
33.24935,71.28817
33.24991,71.28664
6.72965,81.52991
7.18742,81.82262
7.26022,81.79184
7.31004,80.93993
7.4564,81.34227
7.73834,81.5024
7.73887,81.26031
7.86138,81.47504
7.87655,81.41111
7.87693,81.48414
7.87898,81.48672
7.88076,81.48351
8.05386,81.24757
8.05624,81.24507
8.05773,81.24693
8.06344,81.18587
34.26918,72.80804
8.84015,80.60784
8.8501,80.42207
8.90999,80.47983
9.319,79.30539
9.3233,80.19555
9.45503,80.47744
9.459,80.47677
9.6554,80.30992
29.97123,72.10835
30.03752,72.56381
30.03814,71.55405
30.30352,73.35507
30.42686,73.71638
30.56189,72.18955
30.68955,71.74601
30.89985,71.96447
31.0305,73.36909
31.37678,72.17642
9.55242,80.3984
6.33424,81.09734
6.60892,81.18781
6.68423,81.03857
6.8011,81.494
7.34767,81.24226
7.35945,81.23593
7.38599,80.92137
7.38881,80.92573
7.397,80.91884
7.437,81.27293
7.52707,81.07053
7.78494,80.4927
7.98776,79.86501
32.88736,71.61448
33.25005,71.29332
33.25105,71.28937
33.29679,71.18593
35.96718,68.68407
32.28855,70.73765
32.29563,70.73203
7.35611,81.1077
7.36152,81.10664
7.39652,80.92043
7.39885,80.90202
7.39953,80.90575
7.40015,80.90923
7.42131,81.18064
7.42405,81.13436
7.4248,81.18104
7.42786,81.1346
7.42945,81.13339
7.59237,80.9697
7.68535,81.14362
7.69074,81.1427
7.81238,79.93328
7.8946,81.41067
7.903,81.49067
7.90644,81.47861
7.90649,81.48015
7.9129,81.45583
7.91302,81.45422
7.99094,81.46861
8.00141,81.46672
8.09535,81.39194
8.82442,80.90121
8.82503,80.90459
8.82915,80.8968
8.82977,80.9002
8.83039,80.90359
6.5092,80.98142
7.10485,81.78197
7.10503,81.78075
7.10559,81.78389
7.12642,81.7802
7.12697,81.78335
7.16783,81.80219
7.20693,81.81159
7.20699,81.81147
7.27778,81.81866
7.27832,81.82177
29.91381,71.71052
29.91521,71.71583
30.40925,72.10819
30.53718,73.88202
26.22446,68.21117
31.58373,72.28916
35.24258,68.10051
35.24283,68.10374
35.98857,94.83189
29.65801,90.89878
17.60581,83.20076
17.60875,83.20546
7.65789,80.73828
8.39024,81.03989
8.81313,80.58661
32.28934,70.74017
32.89033,71.61874
33.29498,71.1871
35.9673,68.68782
25.38917,68.58541
21.29586,95.51554
23.70372,90.53355
23.9407,90.31876
29.64765,90.94865
29.65398,90.98617
6.81248,81.78204
6.81376,81.77986
6.82072,81.803
6.82115,81.8061
6.82226,81.80397
6.82267,81.80707
6.8258,81.76459
7.46902,81.17296
27.98071,69.4438
28.83582,70.42214
30.60304,72.0806
30.61395,72.13991
30.62572,71.72218
30.62918,72.07106
30.63301,72.07047
30.65776,72.24519
30.65879,72.24271
30.66328,71.87726
30.66391,71.88257
30.6943,71.97591
30.6985,71.78544
30.74677,71.74284
30.79273,71.87044
30.79337,71.87579
30.85815,71.87492
30.86695,71.91726
30.91326,71.91548
30.9771,70.80613
32.10804,72.90211
33.74333,70.22848
33.74356,70.23043
34.44895,71.26234
35.99072,94.83022
29.37856,91.14952
29.65848,90.89863
30.06933,96.97936
6.74823,81.13704
7.64384,80.96423
7.6444,80.95997
32.08747,74.16682
32.10377,74.17783
32.29091,70.73779
32.29551,70.73
32.72028,72.92399
32.73539,72.80925
33.4081,71.94009
33.68829,72.71162
33.69244,72.85727
33.84938,72.87296
34.31626,72.82005
25.38646,68.58366
25.38986,68.58427
28.42521,69.70253
17.60958,83.20309
17.61204,83.20204
22.28264,91.77599
29.30249,90.7239
29.66758,91.21227
29.678,91.13467
29.67816,91.13667
29.68395,91.14246
29.68417,91.14444
29.7055,91.12065
6.83105,81.75486
6.92662,81.673
7.19186,81.74882
7.19216,81.75013
7.24903,81.69079
7.24969,81.69533
7.27246,81.6412
7.44569,81.23631
7.44688,81.23547
7.46565,81.67219
7.47098,81.70876
7.54155,80.94489
7.5681,80.92384
7.65889,81.14084
7.69379,81.14894
7.69441,81.15324
7.69746,81.14842
7.93397,81.3446
8.00115,81.21894
8.00548,81.22277
8.1039,81.107
8.20257,80.4487
8.20783,80.57188
8.2831,80.20823
8.35285,80.79776
8.35344,80.7984
8.38241,80.6659
8.39263,80.66016
8.67597,80.36073
8.67835,80.37698
8.71225,80.35955
8.71466,80.3596
8.73953,80.40584
8.86085,80.50182
8.87646,80.48267
9.64156,80.321
9.76124,80.20286
30.11512,71.60341
30.74251,72.91972
30.89251,73.20496
30.89644,73.2084
30.91877,71.95527
31.53647,70.73714
34.00609,71.46138
29.22542,88.34853
29.22488,88.34971
29.22537,88.34882
29.37353,91.14912
29.37619,91.15083
30.09282,71.3667
33.27035,71.58929
33.27303,71.59341
33.27439,71.58952
33.68818,72.70954
18.57529,72.24021
18.57864,72.24078
22.41452,69.03976
25.3889,68.5837
25.3894,68.57915
26.09499,68.87696
7.33924,80.92631
19.17647,70.94337
6.11241,81.09345
6.23674,80.99846
6.75074,81.74324
7.24348,81.25483
7.33924,81.19566
8.2479,80.687
8.28735,80.1686
8.50113,80.65372
8.56523,80.44241
8.56684,80.65114
8.58914,80.54917
8.65186,80.48193
8.66093,81.11579
8.67884,80.29721
8.68488,80.46899
7.82143,80.78185
8.84993,80.89687
8.86692,80.58389
8.86749,80.58756
9.1559,80.68771
30.65054,73.50909
7.82349,80.78314
24.96334,68.29653
27.41576,68.69434
29.47674,71.57613
29.75784,71.19679
29.80911,71.22158
29.87585,72.1666
30.44198,72.03133
30.6178,72.00645
30.66344,72.10561
30.66452,72.10686
30.6663,71.79234
30.74711,71.97482
30.82264,71.89292
30.92426,71.95514
30.93043,71.92529
30.93421,71.92432
30.97559,70.80282
31.03724,70.81618
29.26117,91.92243
30.06718,96.97577
35.99197,94.82977
35.99315,94.82987
33.40569,71.93793
35.96609,68.6862
29.22212,88.35135
29.26332,91.92432
29.37813,91.15085
25.38742,68.58064
6.86747,81.55627
7.36113,80.89506
7.38877,81.22155
8.29562,80.34652
34.44133,71.02061
35.96784,68.68665
6.37665,81.13255
6.65509,81.18199
6.65942,81.1833
6.6595,81.18127
6.68748,81.3247
6.68776,81.32225
6.70039,81.40369
6.73881,81.27922
6.7392,81.33511
6.75822,81.31496
6.76589,81.44145
6.8257,81.58957
6.82637,81.59361
6.83064,81.59292
6.90725,81.61715
6.90791,81.62111
6.91217,81.62042
6.96249,81.588
6.96316,81.59194
6.96741,81.59118
7.14803,81.09077
7.3861,81.2234
7.38883,81.13251
7.39043,81.22261
7.40687,81.32104
7.41117,81.32027
7.42013,81.15775
7.42813,81.15214
7.47229,81.30639
7.65809,81.07646
7.76478,80.79965
7.89147,81.48035
7.89212,81.48428
7.90745,81.47761
8.0036,81.25312
8.09114,81.10897
8.37599,80.77338
8.84146,80.9937
26.9619,90.02505
26.9697,90.05672
30.66321,71.79121
30.66816,71.78967
36.96436,81.34357
36.96894,81.35172
30.66169,71.88341
35.99015,94.82831
29.22609,88.34823
29.26308,91.92442
29.78707,91.60531
7.71748,80.1267
7.77641,80.48136
16.36971,82.32138
6.39361,80.91185
28.42528,69.70116
32.88791,71.61516
35.96798,68.68655
36.10521,69.34921
7.87641,81.48878
29.76524,72.71796
29.84647,71.29039
30.30019,73.51273
30.57857,71.62238
30.63067,72.02832
30.63098,72.03254
30.87823,71.93729
31.40686,72.34518
31.41129,72.3446
31.41257,72.34469
35.98915,94.82964
35.99252,94.83054
6.8556,81.5332
33.29638,71.18766
35.96698,68.68506
25.38832,68.58551
20.70475,94.89364
28.42711,69.6979
29.78699,91.60419
32.0877,74.16732
32.102,74.17516
32.10204,74.17721
33.40667,71.93839
25.38999,68.58211
18.57686,72.24059
18.5774,72.24236
8.60547,80.44852
8.89853,79.95344
29.4396,90.17079
29.89824,72.57191
30.14267,71.65752
30.31328,71.88339
30.48498,72.10117
30.52451,71.7824
30.62111,71.74289
30.65468,72.24837
30.67063,71.8972
30.76111,71.84575
30.90367,72.1739
30.92236,71.97179
30.92493,71.85684
30.982,71.91636
35.99224,94.83033
35.99246,94.83126
32.57634,72.56051
6.98357,81.58679
6.98379,81.58831
7.17432,81.75636
7.24169,81.63509
7.42439,81.33109
7.43016,81.24944
7.44586,81.37011
7.44782,81.14836
7.45074,81.14673
7.45266,81.14748
7.54742,81.19791
8.68045,80.94418
8.82624,80.33823
29.73682,71.41401
29.88022,72.7646
29.95837,72.81926
30.03027,72.00449
30.03642,71.48891
30.18674,73.366
30.52497,71.84679
30.56788,71.62594
30.56894,71.63015
33.17128,70.45007
25.71193,68.33328
30.65817,71.87918
35.99208,94.82857
35.99247,94.82925
29.22348,88.34969
29.37585,91.15074
29.6602,90.89965
29.78754,91.60615
7.3182,81.55324
7.4045,81.22028
7.40504,81.21681
7.45515,81.23867
35.96618,68.6852
25.38972,68.58502
25.39073,68.58144
27.86767,68.95682
29.22012,88.95742
29.26978,88.90321
24.45387,68.30828
24.45394,68.31149
27.62686,69.46743
27.62732,69.47166
29.47439,71.57051
29.47925,71.56997
29.9692,72.58241
29.99058,72.58743
30.27043,73.32155
30.27074,73.32553
30.27128,73.32471
30.61707,72.13042
30.61736,72.13383
30.61991,72.13137
30.62494,72.0656
30.65503,72.24939
30.66016,72.24886
30.78971,71.86646
30.79083,71.86834
31.69593,73.21014
35.98919,94.83079
35.99247,94.8316
29.26254,91.92178
29.26521,91.92635
29.37461,91.1497
29.37792,91.15035
29.66177,90.90686
6.62676,81.18913
6.62731,81.18541
6.62785,81.18169
6.6309,81.18976
6.63144,81.18604
7.50678,81.1167
7.53914,81.10133
28.42482,69.70239
32.13319,74.17912
32.2928,70.73085
32.72197,72.92547
32.88826,71.61584
33.17331,70.45238
33.5473,71.54827
25.38842,68.58425
26.0948,68.87952
29.26861,88.90479
6.92694,81.01147
6.94333,81.04182
6.9473,81.04124
7.14785,81.80265
7.15447,81.81692
7.19829,81.76385
7.2101,81.8169
7.2152,81.79267
7.26355,81.80156
7.26367,81.37899
7.26408,81.80129
7.32965,81.20576
7.38002,81.71126
7.39477,81.37077
7.39887,81.37027
7.43983,81.25162
7.4404,81.74574
7.46392,81.6725
7.46522,81.6722
7.46614,81.68768
7.4667,81.69149
7.46732,81.68742
7.46785,81.69123
7.4715,81.68684
7.47846,81.2899
7.48536,81.42532
7.48894,81.42109
7.48946,81.42468
7.49305,81.42054
7.49742,81.48033
7.50749,81.43353
7.50803,81.43726
7.50855,81.44091
7.53399,81.73657
7.56916,81.68024
7.57032,81.32761
7.58549,80.93409
7.61866,81.14118
7.64936,81.33067
7.68257,81.62932
7.68564,81.59031
7.68921,81.55521
7.70513,81.1689
7.87331,81.36616
8.03703,81.20779
8.03751,81.20824
8.59193,80.55653
8.63653,80.41798
8.99602,80.85246
9.03465,80.70895
9.05433,80.71424
9.05541,80.7114
9.0831,79.75172
29.509,72.04996
29.51235,72.04933
29.60692,71.57706
29.6251,71.56122
29.67288,72.17453
29.67346,72.17863
29.69316,73.15125
29.7245,72.27014
29.77113,72.25348
29.78669,72.33943
29.82345,72.67916
29.84989,72.46819
29.87539,72.93105
29.90308,71.4553
29.93957,72.7638
29.97509,72.81847
30.00159,72.8838
30.02355,72.94147
30.03427,71.58734
30.04467,73.30842
30.0622,73.35979
30.06398,71.48653
30.06569,73.35918
30.24343,73.34405
30.44992,71.8779
30.53719,72.0307
30.56064,72.29582
30.61484,73.8088
30.96591,72.18027
31.1523,72.62457
21.57721,96.23476
7.58596,80.92436
7.5879,80.9295
7.58877,80.92237
7.59221,80.93221
7.59313,80.92517
7.59507,80.93027
7.59594,80.92319
36.93246,80.30218
33.56965,72.9754
34.50575,69.19833
34.50621,69.1936
28.42324,69.70116
28.96628,71.29565
6.40686,80.72184
6.75566,81.41
6.77041,81.43979
6.77094,81.44327
6.77373,81.43929
6.77426,81.44276
6.78318,81.43429
6.7988,81.58162
6.80256,81.51684
6.80748,81.52679
6.80987,81.43709
6.8104,81.44057
6.91313,81.64617
6.9306,81.60418
6.99338,81.30516
6.99605,81.56855
6.9967,81.30465
7.03162,81.2272
7.12375,81.7668
7.14204,81.77482
7.14432,81.76727
7.15395,81.74065
7.15448,81.74417
7.15835,81.74718
7.1673,81.73864
7.1677,81.76374
7.17011,81.73462
7.17064,81.73813
7.17398,81.73763
7.21139,81.6524
7.22931,81.23882
7.23263,81.23832
7.25739,81.75315
7.30259,81.60964
7.30448,81.57709
7.30477,81.69183
7.30501,81.58059
7.30782,81.57658
7.30811,81.69132
7.30835,81.58009
7.31115,81.57609
7.33016,81.14448
7.33601,81.42571
7.35615,81.73795
7.35753,81.34679
7.36033,81.3428
7.36086,81.34629
7.36313,81.33881
7.36366,81.3423
7.36419,81.34579
7.36698,81.34181
7.38007,81.73793
7.3828,81.04393
7.38342,81.73743
7.39186,81.34877
7.40018,81.18004
7.40728,81.36064
7.47372,81.28914
7.47719,81.26723
7.49717,81.42114
7.4977,81.42463
7.49864,81.67904
7.51412,81.69109
7.52791,81.46655
7.55904,81.27185
7.57519,81.49093
7.57572,81.49443
7.64899,81.57295
7.65339,81.57947
7.65672,81.57896
7.65726,81.58247
7.65846,81.56792
7.6597,81.46375
7.6625,81.45975
7.66583,81.45924
7.67927,81.61506
7.68173,81.45957
7.68515,81.56387
7.73846,81.51904
7.74354,81.50751
7.74407,81.51102
7.74513,81.51804
7.74741,81.51051
7.75287,81.52403
7.81539,80.12309
7.84303,81.20258
7.85524,81.37222
7.92455,81.27509
7.97719,80.31649
8.18944,81.32618
8.35903,81.15267
8.90953,80.50696
9.75948,80.2087
26.12494,69.16943
27.70756,68.57163
27.71198,68.57047
27.73158,68.78967
27.89981,69.27496
27.98466,68.93643
27.98574,68.93775
35.96353,68.686
35.96939,68.68619
36.38592,80.54126
36.93259,80.30154
28.61067,68.63036
28.611,68.62634
26.09318,68.87784
26.09326,68.87742
6.88759,81.56491
6.88853,81.56789
6.90898,81.61223
7.09065,80.84325
7.18201,81.74039
7.18611,81.73679
7.18802,81.7261
7.1919,81.73232
7.22085,81.45557
7.22131,81.45717
7.27939,81.07865
7.28076,81.07696
7.37756,81.11621
35.96777,68.68401
7.09345,81.15476
7.15609,81.76354
7.15761,81.75616
7.15838,81.76079
7.15915,81.75828
7.16969,81.77555
7.17206,81.7728
7.17283,81.77742
7.17348,81.77495
7.2194,81.45242
7.25604,81.52998
7.27766,81.07352
7.27811,81.17691
7.35535,81.73048
7.3645,81.50945
7.36853,81.34122
7.45162,81.68291
7.45488,81.30405
7.45554,81.63445
7.45878,81.3035
7.46268,81.30296
7.48565,81.44289
7.48812,81.5299
7.50291,81.28059
7.50815,81.67551
7.5127,81.67953
7.5203,81.65447
7.54454,81.70762
7.58401,81.71673
7.58462,81.71523
7.58698,81.68784
7.58703,81.71151
7.58776,81.68627
7.5878,81.71611
7.5884,81.7146
7.5956,81.45546
7.60823,81.72224
7.60899,81.72683
7.61604,81.26422
7.61641,81.26225
7.61914,81.25868
7.62029,81.26157
7.62383,81.26303
7.62418,81.261
7.66164,81.44938
7.6624,81.45413
7.664,81.4518
7.6648,81.45654
7.67894,81.54153
7.6805,81.55089
7.68431,81.55026
7.68749,81.59294
7.68768,81.66441
7.68779,81.66187
7.70869,81.53181
7.71331,81.55991
7.71408,81.5646
7.71636,81.55462
7.72551,81.56272
7.74,81.53151
7.74076,81.53621
7.75221,81.53432
7.75448,81.54839
7.75678,81.53839
7.95269,81.29023
8.2702,81.34736
8.5029,80.80785
8.51208,80.76475
8.70496,80.17019
8.71281,80.39138
8.76957,80.2338
8.77019,80.23743
9.32005,80.24164
9.53883,80.40903
9.74879,80.14474
35.52953,73.64445
25.03507,68.24217
11.26684,80.00278
6.96586,81.6012
6.96654,81.59714
7.25594,81.67915
35.96978,68.68703
9.7793,80.18807
31.67013,73.18804
31.67132,73.1893
35.9893,94.82854
29.78733,91.60574
32.13066,74.1754
6.41755,80.93444
6.41834,80.93413
7.03865,81.23909
7.53774,81.26874
7.55418,80.92736
7.55771,80.92791
7.78199,81.04093
8.04788,79.85087
8.4537,80.7448
8.81475,80.95029
32.29587,74.31384
32.72144,72.9237
33.54581,71.54897
35.96622,68.68608
7.53017,81.24847
7.75788,81.55358
7.7611,81.55444
17.6107,83.20548
21.6516,94.757
21.65218,94.76128
29.30248,90.72501
29.55462,90.9945
29.55521,90.99853
29.68633,90.89947
29.75553,72.53855
29.77161,72.32706
29.77267,72.3238
29.93701,72.94817
29.93864,72.94911
29.99647,72.85107
30.26365,73.24959
30.69283,71.80653
30.9766,70.80549
35.99157,94.83187
36.73088,95.23145
22.47871,90.71017
17.60139,83.19848
17.61015,83.20491
33.54551,71.54941
32.28885,70.73775
32.29361,70.73022
32.72001,72.92347
32.82849,71.60101
32.8896,71.61601
33.17102,70.44909
33.17432,70.44987
33.40666,71.93804
29.08274,88.01346
29.662,91.09743
29.70165,91.11971
30.55894,96.95905
6.48837,81.11826
6.52176,81.11407
6.57738,81.14003
6.62997,80.71651
6.72045,80.89485
6.72402,80.89422
6.74193,81.39944
6.76282,81.48987
6.81672,81.42989
6.82042,81.42943
6.8296,80.95567
6.95106,80.18589
6.96421,81.62643
6.96795,81.6259
6.97368,81.07737
6.97376,81.56111
6.97735,81.07713
7.02181,81.40991
7.10413,80.75703
7.12482,81.01981
7.15965,81.78175
7.16013,81.78042
7.22859,81.2448
7.24185,80.82436
7.33781,81.41362
7.37145,81.35811
7.40982,81.33607
7.41219,81.33686
7.42875,81.29411
7.44402,81.45377
7.46801,80.99911
7.47079,81.1949
7.47155,80.99905
7.47165,80.99855
7.4717,81.2524
7.49223,81.39274
7.50753,81.1461
7.50824,81.22991
7.50887,81.23431
7.50904,81.58691
7.50968,81.22906
7.51033,81.23344
7.51194,81.22942
7.51256,81.23377
7.51337,81.22854
7.51402,81.2329
7.51562,81.22887
7.52004,81.28622
7.56667,80.83149
7.58754,81.57207
7.61624,81.63783
7.62001,81.6373
7.62956,81.64996
7.64088,81.56915
7.64596,79.81832
7.69859,80.66898
7.72666,81.22313
7.72811,81.2215
7.72972,81.21819
7.73035,81.22257
7.73099,81.52523
7.73342,81.21767
7.76373,81.53905
7.76406,81.54079
8.11884,80.22372
8.27043,80.53904
8.27189,80.53917
8.35279,81.30163
8.47279,80.16
8.53839,80.7916
8.60631,80.25991
8.66097,80.38425
8.66478,81.14608
8.66808,80.35825
8.70154,80.32458
8.70443,80.36985
8.72692,80.55143
8.76761,80.3772
8.77119,80.37666
8.81493,80.06245
8.84854,80.90269
8.9351,80.14677
8.94032,80.38223
9.13898,80.67506
9.31198,80.22139
30.50584,73.81229
30.50923,73.81166
30.72807,73.80727
30.72849,73.80787
32.33017,72.57377
22.4739,91.73549
29.26314,91.92422
33.27764,72.14357
33.29638,71.18298
6.70236,81.59518
7.13006,80.72771
7.24736,81.13309
7.79546,80.49115
7.80092,80.49208
18.5756,72.24132
18.57895,72.24188
6.39856,81.12965
6.59429,80.97427
6.63544,81.03618
6.70034,81.33881
6.71163,81.21119
6.71219,81.21482
6.73361,81.28561
6.74143,81.35822
6.75765,81.41828
6.79132,81.43512
6.79222,81.43438
6.81746,81.46339
6.8911,81.80433
6.95276,81.59147
7.00453,81.05348
7.04691,81.05749
7.0503,81.05693
7.05086,81.06049
7.13123,81.78024
7.13458,81.77972
7.14205,81.71719
7.14259,81.72071
7.14539,81.71666
7.14594,81.72019
7.14958,81.7882
7.15092,81.73026
7.15463,81.77661
7.15806,81.75443
7.16466,81.77505
7.16511,81.80021
7.16638,81.76396
7.18583,81.76392
7.19306,81.7664
7.19366,80.72233
7.20681,81.25064
7.20738,81.81463
7.21019,81.25011
7.21356,81.24958
7.22031,81.2485
7.22237,81.8231
7.22595,81.26243
7.22707,81.26962
7.23045,81.2691
7.23581,81.79942
7.2703,81.80128
7.30445,80.91617
7.35646,81.24884
7.43624,81.4743
7.44493,81.30058
7.46126,81.09501
7.46283,81.41505
7.47464,81.33621
7.4877,81.57465
7.49998,81.25513
7.5028,81.25101
7.50391,81.25819
7.5561,81.64003
7.56419,81.25928
7.59249,81.48501
7.61201,81.50014
7.61801,81.5609
7.62805,81.55933
7.64466,81.60021
7.65345,81.45728
7.66037,81.56879
7.66886,81.45853
7.70727,81.52883
7.72685,81.23381
7.73022,81.23329
7.77687,80.68079
8.13525,80.60481
9.60717,79.97973
18.57913,72.24246
28.31821,68.12669
30.00554,72.8512
30.06581,96.97794
32.29575,70.73047
29.08357,88.01095
30.16682,70.92638
30.16896,70.92863
30.16927,70.92484
30.17215,70.92696
6.71408,81.21381
6.83845,81.56879
7.24063,80.86192
7.30677,80.85988
7.61226,81.14749
7.61577,81.15201
7.80256,80.49333
8.93249,80.57452
8.93301,80.57276
30.16939,70.93171
6.26593,81.20261
6.29788,80.96366
6.65913,80.97109
6.69136,81.22068
6.69174,81.16842
6.69206,81.22492
6.69245,81.17272
6.69315,81.17699
6.69504,81.21573
6.69574,81.21999
6.69613,81.16769
6.69644,81.22422
6.69684,81.17197
6.69714,81.22845
6.69754,81.17621
6.69784,81.23267
6.70013,81.21928
6.70082,81.22353
6.70152,81.22773
6.70221,81.23195
6.70291,81.23616
6.71294,81.21354
6.76661,81.52686
6.76826,81.52631
6.7876,81.57262
6.82497,81.26569
6.82517,81.26598
6.83574,80.95586
6.89017,81.56811
6.90923,81.65452
6.90989,81.65844
6.97934,81.63086
7.1279,81.71871
7.15708,81.71467
7.18127,81.78176
7.20282,81.78213
7.21199,81.73336
7.21308,81.79221
7.22029,81.65233
7.22093,81.65614
7.22312,81.77488
7.22731,81.77419
7.37436,81.10779
7.37718,81.15059
7.3779,81.15482
7.52439,81.40832
7.55399,81.27061
7.57028,81.67813
7.57447,81.67744
7.57512,81.68127
7.61386,81.55151
7.64325,81.59858
7.64362,81.59879
8.18537,81.06627
8.18949,81.0909
8.45003,81.33182
8.48377,80.88584
8.50885,80.84751
8.62055,81.19012
8.6483,81.17304
8.66164,81.15449
8.68839,80.39858
8.68916,80.40307
8.84534,81.01709
8.84753,81.01942
8.85032,81.02039
8.85895,80.57576
23.87429,96.43654
29.96872,72.77786
27.63005,68.41615
35.20901,68.10361
35.20938,68.11154
35.99193,94.8337
32.29519,74.31212
6.65105,80.96626
6.65381,80.96651
6.65713,80.96707
6.68267,81.19126
6.68601,81.1918
6.86114,81.53722
6.86508,81.53419
6.9412,81.60496
7.02489,80.82838
7.02565,80.97223
7.06252,81.41898
7.06586,81.41956
7.06749,81.43075
7.10638,81.14611
7.3948,81.06092
7.45046,81.36887
7.467,81.3025
7.52838,81.21864
7.52894,81.21513
7.87584,80.76239
8.22517,80.77928
8.63548,80.32524
26.09422,68.88193
32.29308,70.73024
32.82578,71.60197
33.2359,71.51652
33.81544,72.72097
33.827,72.83048
6.82186,81.80378
6.82203,81.80404
6.82258,81.80785
6.82277,81.80808
6.85399,81.22869
7.14491,81.81149
7.14493,81.81158
7.15065,81.81046
7.15068,81.81055
7.15206,81.81844
7.15214,81.81852
7.16348,81.75041
7.18229,81.78858
7.19165,81.77459
7.19237,81.77859
7.19811,81.7444
7.201,81.79354
7.2176,81.65291
7.22399,81.65604
7.22412,81.65594
7.22485,81.66003
7.3575,81.60508
7.35927,81.09517
7.48748,81.62951
7.49176,81.23442
7.49695,81.22931
7.49772,81.23351
7.54397,81.64734
7.54436,81.64738
7.5947,81.72931
7.60544,81.72329
7.61232,81.5638
7.86876,81.3022
7.87384,81.29683
22.1202,95.89818
24.3411,68.0527
24.79087,68.06129
25.86016,68.93331
25.86451,68.93274
27.38762,68.644
29.20518,71.50465
29.20547,71.50839
29.20695,71.52714
29.25615,71.53748
29.28664,70.95149
29.28693,70.95494
29.37985,71.5015
29.38482,71.51984
30.48158,71.98792
30.57661,72.80894
6.83606,80.96377
6.89431,81.03536
7.02039,81.44899
7.02535,81.5802
7.06273,80.89155
7.06332,80.8876
7.06656,80.89203
7.06716,80.88806
7.08943,80.84419
7.09326,80.84479
7.50216,81.19766
28.60843,68.63328
28.60855,68.63534
33.54667,71.54915
33.82937,72.82973
25.38781,68.58343
26.09556,68.87821
20.88293,96.03716
20.88583,96.03255
20.8864,96.03661
20.88698,96.0407
20.88988,96.03607
20.89046,96.04016
20.97656,96.0106
20.98175,96.02229
20.9858,96.02582
20.9887,96.02119
20.98928,96.02527
21.02475,95.66225
6.71186,81.19892
6.71235,81.20254
6.71331,81.20972
6.71933,81.21259
6.71982,81.21619
6.72031,81.21982
6.7208,81.22347
6.75988,81.47185
6.79658,81.57292
6.86811,81.5711
6.87379,81.5703
7.26888,81.21888
7.27448,81.21822
7.37389,81.16849
7.46724,81.41615
7.50255,81.0805
7.59562,81.72387
7.68283,81.45654
7.68502,81.50358
7.72773,81.51827
7.95405,81.44975
8.37231,80.20104
8.37311,80.19904
8.6517,80.63228
8.91295,80.92608
24.97332,68.29044
25.38848,68.58327
27.76974,68.4567
27.80078,69.54572
27.81376,69.56194
27.84393,69.57075
28.42443,69.70238
28.60888,68.63496
28.85993,70.32304
28.86116,70.32491
30.29126,71.05428
30.43581,72.05463
30.45656,71.92091
30.60742,72.52344
30.63144,72.0872
30.97597,70.8031
31.66517,70.82932
32.03902,71.12704
32.23283,71.24937
33.38183,71.28741
33.38227,71.29179
29.22512,88.34985
30.06929,96.98067
7.36092,81.16886
7.93365,81.3458
8.74475,80.23344
32.29295,70.73016
32.88711,71.61441
35.96868,68.68646
25.38837,68.58214
28.42562,69.70078
28.60755,68.63316
28.61207,68.62585
22.41543,69.03886
22.41875,69.0395
29.63159,91.14252
29.64514,91.29235
6.41337,81.10265
6.41676,81.10213
6.70052,81.01997
6.80833,81.41498
6.91853,80.87128
7.01098,81.43763
7.04524,81.41325
7.13577,80.80885
7.1955,81.7493
7.19558,81.72559
7.19615,81.72945
7.19672,81.73331
7.26201,81.2289
7.46911,81.38128
7.56073,81.61687
7.56479,81.62022
7.57719,81.40741
7.58322,81.47249
7.60929,81.60168
7.60985,81.60554
7.6378,81.57784
7.64133,81.31678
7.64478,81.31628
7.69104,80.71726
7.71641,81.26006
7.71697,81.26382
7.71929,81.25581
7.72033,81.28637
7.72273,81.2553
7.73981,81.2988
7.85538,81.37425
7.8709,81.40695
7.92062,81.27559
7.92407,81.27508
7.92463,81.27886
8.12668,81.11391
8.28383,80.2071
8.28436,80.21067
8.36466,80.65494
8.4955,80.83011
8.49605,80.83381
8.49947,80.8333
8.5816,80.63703
8.58215,80.64069
8.58269,80.64434
8.61504,80.32065
8.64384,80.4675
8.67647,80.57024
8.6947,80.85716
8.69546,80.34471
8.79503,80.52588
8.81205,80.85066
8.82253,80.8035
8.82595,80.80298
8.96518,80.84656
9.03257,80.08366
9.13697,80.50371
31.62907,72.91552
17.60953,83.20609
26.24488,68.0185
27.75935,68.68353
28.01263,68.52065
28.01961,68.61913
28.39552,68.14349
36.93393,80.30153
32.1259,73.12619
32.12811,73.12691
32.97864,72.15359
32.98287,72.15416
6.24862,80.7161
6.24975,80.71695
8.84759,80.44137
17.61235,83.20256
17.62295,83.22784
27.59579,68.38673
27.59672,68.39063
27.93032,68.9705
29.4238,71.29465
29.52949,72.04403
29.54361,72.0917
29.56296,72.16534
29.75846,72.17928
29.78709,72.69772
29.78772,72.69733
29.80445,73.11905
29.85656,72.39691
29.87157,72.51168
29.8992,72.41657
29.90122,72.27789
29.90208,72.28215
29.98605,72.99426
29.99383,72.13158
30.00707,72.38854
30.04472,73.04025
29.90284,71.28986
30.00348,71.48521
30.09304,72.07939
30.27229,73.27193
30.31638,72.22882
30.38998,71.522
30.53148,72.14625
30.61756,72.01085
30.67879,72.66891
27.59765,68.38886
35.99151,94.83028
36.9972,80.19514
29.26098,91.92349
32.90594,71.87057
11.26698,80.00361
11.27041,80.00419
27.59517,68.40201
28.23427,68.0573
6.87745,81.57601
7.11957,81.82388
7.12131,81.82024
29.88006,72.34814
30.06366,73.24711
30.18739,73.00787
30.56271,72.05913
28.06035,69.14066
35.98952,94.83009
29.08538,88.01153
17.61091,83.20271
6.63734,80.80515
6.74456,81.39413
6.82945,80.9402
6.83,80.93671
6.8372,80.93431
6.85339,81.5647
7.03579,81.41565
7.1917,81.17561
7.19392,81.18323
7.19503,81.17616
7.20058,81.18427
7.20113,81.18076
7.23955,81.28335
7.32562,80.86584
7.32897,80.8663
7.3295,80.86292
7.98758,79.86589
7.19035,81.75748
7.19228,81.75621
7.19671,81.75636
7.19864,81.75513
7.5165,81.24504
7.52003,81.19276
7.52045,81.18983
7.52658,81.19163
7.527,81.18865
9.61574,80.34721
23.90411,96.32446
6.70873,80.85276
35.99244,94.82929
22.35536,96.70344
8.35429,81.30424
8.35484,81.30036
9.22561,80.67407
6.8862,80.84126
6.93373,80.83585
6.93803,80.83606
6.93895,80.82978
6.93944,80.82641
6.94328,80.82977
6.94713,81.62669
7.18873,81.18666
7.1928,81.18794
7.19334,81.18417
7.19691,81.18891
7.352,81.23986
7.68464,80.72226
27.81458,68.56333
21.92758,95.21374
22.10042,95.90124
22.10207,95.91257
23.70821,96.22958
24.05978,96.50034
24.15282,96.59795
36.78861,93.39333
36.78922,93.398
36.78984,93.40267
36.79204,93.39265
36.79266,93.39732
36.79327,93.40199
36.79547,93.39196
6.80565,81.51917
6.85208,81.77924
6.94388,81.63197
7.18467,81.75263
7.18597,81.76203
7.35874,81.29519
7.36052,81.29617
7.36771,81.32391
7.51031,81.24462
7.51457,81.23818
7.51535,81.24389
7.55454,81.26694
7.99709,81.22731
28.98049,71.05502
29.5795,72.13531
29.66572,72.176
29.72292,70.8297
29.73502,71.9908
29.75451,72.27988
29.75894,72.25176
29.77621,72.26557
29.77752,72.26281
29.77814,72.26821
29.99867,72.80891
30.43141,71.9245
33.20577,70.47794
33.20634,70.47561
24.27999,91.38542
17.61269,83.20255
6.59826,81.26197
6.60083,81.25937
6.77085,80.82979
6.77682,80.8299
6.91306,81.17121
6.91347,81.17299
7.19041,80.70736
32.57362,72.5653
32.72265,72.92538
32.72549,73.13836
32.82825,71.60221
32.88788,71.61497
33.68776,72.71284
28.42503,69.70135
36.99879,80.18955
6.36808,81.09598
6.72905,81.06881
6.81401,81.05591
6.81695,81.05994
6.81754,81.05616
6.8199,81.0639
6.85556,81.12044
7.05354,80.76323
7.05708,80.76373
7.53529,81.19795
8.06025,81.27451
8.88754,80.55772
36.99781,80.19159
28.42743,69.70058
29.85906,68.26806
29.86094,68.27856
29.8619,68.27361
29.86371,68.26427
32.10902,74.18041
32.10982,74.17706
32.29468,70.73032
32.88779,71.61594
34.43663,72.5882
25.2928,68.41624
25.38745,68.58328
6.62337,81.25171
6.62473,81.25899
6.6249,81.24995
6.62629,81.25719
6.63061,81.25043
7.53116,81.19807
29.55605,90.99005
29.62709,90.96883
29.63914,91.02885
6.6234,80.73554
6.70336,81.22245
6.70397,81.22865
6.70459,81.23338
6.70468,81.23195
6.70522,81.23813
6.70533,81.23669
6.71075,81.23253
6.71083,81.23111
6.71137,81.23724
6.71148,81.23581
6.71214,81.24052
6.7169,81.23167
6.71752,81.2364
6.87796,81.60595
6.98807,81.63938
7.42462,81.27885
7.42525,81.28382
7.42762,81.28281
7.4328,81.14552
7.4342,81.14468
7.48689,81.22207
7.52734,81.20441
7.52851,81.20244
7.53406,81.19674
7.53914,81.19793
7.54029,81.19606
8.69115,80.3499
8.69407,80.34987
8.69462,80.35426
8.69713,80.34921
8.69771,80.35358
9.04278,80.11829
9.16049,80.16263
24.3357,68.05937
24.45372,68.31278
25.19682,68.30801
28.42771,68.41221
29.3821,71.33408
29.38948,71.58585
29.50639,71.6973
29.50687,71.70228
29.51132,71.70171
29.51937,71.98148
29.52009,71.98343
29.5239,71.98092
29.58052,72.13503
29.60453,72.28929
29.65393,72.31633
29.65702,72.31361
29.65856,72.31577
29.66036,71.85902
29.74915,71.20049
29.75188,72.37422
29.76143,72.34937
29.7637,72.35056
29.78688,72.2688
29.79049,72.25735
29.80775,72.70896
29.80775,72.71011
29.85955,68.28825
29.86036,68.28558
29.86167,68.26613
29.86671,72.08201
29.87648,71.61679
29.87941,72.47874
29.88172,72.47547
29.88226,72.48108
29.8841,72.47818
29.90022,71.37154
29.92795,72.75726
29.92796,72.75976
29.94922,72.41373
29.9539,72.41318
29.97491,71.45059
29.98311,71.8051
29.98639,72.506
29.98736,72.50309
29.98761,71.80453
29.98786,72.50876
30.26371,73.44594
30.5869,73.40097
30.60949,73.85471
30.61407,73.84721
30.94192,73.31087
31.35174,72.6301
31.38181,72.71104
31.43855,72.57546
31.56106,72.60192
32.61906,73.22329
6.74849,81.36114
6.82294,81.07414
6.95871,79.95613
6.96043,81.14828
7.06299,81.41061
7.1094,81.37981
6.72345,80.85384
32.89009,71.61652
33.3532,71.14253
33.35656,71.14323
25.38968,68.58178
25.92177,68.58862
27.92033,68.39014
28.42537,69.69985
29.86107,68.25831
29.86437,68.25899
29.86661,68.288
35.87931,94.36854
6.38096,81.36224
6.45595,80.76112
6.45768,80.76083
6.56108,80.77666
6.56539,80.77602
6.72127,80.85799
6.82597,81.47437
6.83632,81.31954
6.84116,81.17413
6.84302,81.17602
6.89224,81.77802
7.09031,80.81228
7.11106,81.37775
7.11556,81.37688
7.23321,81.25528
7.23381,81.25955
7.36241,81.21321
7.52525,81.27187
8.37097,80.21825
8.56201,80.62637
8.75317,80.33288
8.81575,80.5247
9.01797,80.11431
9.02225,80.11375
29.42574,71.31022
29.48926,71.91408
29.49175,71.4072
29.50699,71.69997
29.51045,71.69936
29.55089,71.86723
29.68226,72.40494
29.68928,72.26251
29.69586,72.03886
29.69602,72.04007
29.69646,72.04336
29.70308,71.9838
29.70659,71.98318
29.71731,72.36592
29.73707,72.05141
29.74054,72.27401
29.76597,72.35924
29.77667,72.30079
29.78022,72.44232
29.78081,72.447
29.7826,72.31863
29.79259,72.65697
29.80638,72.70833
29.83501,72.38556
29.85411,72.35133
29.856,72.16756
29.85951,72.68977
29.86125,72.35012
29.87564,72.61404
29.87638,72.61639
29.88773,72.07841
29.89588,71.67658
29.91452,72.19968
29.91721,72.38821
29.91781,72.39288
29.92259,72.40162
29.92919,71.33355
29.96903,71.49902
29.96961,71.50336
30.00618,72.49979
30.01335,72.55669
30.01995,72.46377
30.06091,73.00028
30.08213,71.51136
30.08271,71.51572
30.08667,73.08789
30.11219,72.09392
30.15864,73.27311
30.16238,73.27251
30.30381,73.45924
30.3659,73.21369
30.4264,73.17506
30.43013,73.17446
30.47059,73.74548
30.47648,73.62829
30.49526,72.76694
30.49588,72.77187
30.50582,73.81284
30.58892,72.90089
30.61494,73.66043
30.62035,72.05736
30.62915,73.81501
30.6524,73.84541
30.66295,72.77916
30.6906,73.86567
30.76127,74.03342
30.84304,73.91479
31.22036,72.61266
31.32314,72.57345
31.63401,72.89532
31.63486,72.89757
31.80156,72.8521
31.98038,73.16248
31.98418,73.16187
32.01652,73.18194
32.02095,73.18678
31.81894,70.8274
32.11917,73.32789
32.11983,73.33344
32.31618,73.6562
32.51828,73.37623
32.61697,73.20406
29.37588,91.15239
29.65723,90.89783
29.65961,90.90656
29.66132,90.90285
6.41437,80.94581
32.72125,72.92389
32.88791,71.61462
33.68733,72.71353
35.28773,72.10094
35.28872,72.10421
28.36193,68.19156
28.42444,69.70191
17.60077,83.19767
17.60249,83.19764
17.60729,83.19928
17.60769,83.20507
17.60899,83.1993
17.61379,83.20097
6.75239,81.39886
6.75295,81.40245
6.86232,81.56392
7.23298,80.85098
9.05648,80.09951
32.01893,73.18363
29.96936,72.14872
30.49586,73.80339
32.97229,72.79076
33.08743,70.24487
33.08861,70.24191
33.08941,70.24577
33.09137,70.2438
33.09215,70.24768
33.29266,70.42186
33.97857,71.95299
34.27131,72.80852
34.29902,72.80161
34.72373,72.13111
34.72456,72.13564
30.8991,73.60373
30.89936,73.60288
33.26075,70.68685
33.26106,70.68193
34.56597,71.77494
34.57131,71.77483
35.20207,71.25336
35.96781,68.68359
35.97007,68.68365
25.38677,68.57946
33.25575,70.69056
33.25707,70.6859
33.25755,70.68813
34.06258,71.70597
35.96655,68.68431
27.71716,68.13113
6.83898,81.46151
6.90544,81.81413
6.98106,81.61438
7.21126,81.20944
7.31158,81.18845
7.36743,81.28432
7.47789,81.15791
9.00899,80.58434
9.54096,80.37669
9.54171,80.38102
9.79846,80.04832
29.50264,71.73689
29.52834,71.9705
29.55894,71.79093
29.56737,72.11713
29.57063,72.115
29.63232,71.63725
29.64867,72.22208
29.684,71.99482
29.69513,72.35531
29.69659,72.36171
29.71127,72.35731
29.71581,72.35554
29.71987,71.8493
29.73639,72.03638
29.78051,72.22755
29.84617,72.23915
29.85796,72.10821
29.91744,71.49267
29.9712,71.83414
29.97549,72.30132
29.97593,71.94464
29.97621,71.83261
29.98037,72.29986
29.99044,72.93258
30.05337,72.57228
30.0796,71.98637
30.08083,71.98398
30.12056,72.38436
30.14706,71.98
30.17773,72.42535
30.1817,72.42606
30.34072,71.91248
30.3415,71.91579
30.34567,71.91096
30.3898,73.19782
30.43844,73.6524
30.45659,73.82357
30.53058,71.69304
30.54693,73.90823
30.65578,73.94485
30.69774,73.77145
30.69848,73.76821
30.70217,73.77017
30.74349,74.07246
30.75867,72.79559
30.79982,73.91106
30.8668,73.29993
31.41815,72.33076
32.49334,74.23265
32.61739,73.217
33.25473,70.69659
33.26043,70.69809
34.56459,71.7691
34.56889,71.77138
19.57039,71.35611
29.65792,72.34424
33.20306,70.47993
33.20985,70.47945
6.77435,81.16073
7.50437,81.19524
7.50502,81.1993
7.50794,81.19466
7.50858,81.19871
7.69652,81.11163
8.32507,81.34212
8.72746,80.97186
8.86228,80.97919
22.85434,91.64355
22.85609,91.64312
25.59104,70.19236
27.57435,68.1431
27.66785,68.12549
27.70714,68.14391
27.88912,68.30139
29.18684,70.58333
29.5256,72.09953
29.61062,71.54551
29.61491,71.54435
29.6562,72.30788
29.7827,72.63519
29.78581,71.16635
29.80058,72.74577
29.80138,72.74981
29.80514,72.22386
29.8432,72.24078
29.84353,72.23709
29.84442,72.24136
29.84731,72.23968
29.88538,71.35589
29.88614,71.35918
29.89551,71.66385
29.90079,72.34717
29.90486,72.34608
29.9133,71.44361
29.91758,71.44244
29.93644,71.46715
29.93744,71.47185
29.95863,72.44211
29.95947,72.44627
29.98177,72.76641
29.98216,71.46944
29.98257,72.7704
29.98643,71.46826
29.99417,72.61891
29.99483,72.33279
30.06317,71.96573
30.07363,72.55222
30.1407,71.93655
30.16174,72.46855
30.23809,73.05518
30.23994,73.05701
30.2585,72.12906
30.25886,72.12506
30.25975,72.12933
30.2626,72.12794
30.28636,72.98809
30.33519,72.11801
30.41361,72.25831
30.48956,72.31699
30.49173,72.19006
30.49555,72.36778
30.50218,72.17837
30.50949,72.41605
30.54713,73.62457
30.55532,71.97467
30.61542,72.02738
30.62973,72.05502
30.84104,71.95364
30.8488,74.1714
30.85149,73.91361
30.85246,74.17049
30.88446,74.17818
30.88841,71.98751
30.98736,72.07215
30.98822,72.07635
31.02396,72.08946
31.03061,72.10093
31.03147,72.10511
31.05873,73.67031
31.07718,72.14103
31.12757,73.66122
31.52569,73.78549
32.43203,74.19874
32.48864,73.20148
32.70513,71.77039
34.45688,72.94889
34.75336,72.09588
34.75526,72.09778
30.06711,96.97642
35.96172,68.67912
35.99026,94.82892
29.08647,88.01269
29.26196,91.92139
29.26251,91.92202
32.29329,70.72808
32.57739,72.55958
33.15935,73.17576
33.69068,72.70941
34.44341,72.69471
34.44374,72.68948
34.44856,72.70074
34.44878,72.69727
34.46483,73.33756
34.46841,73.34035
6.85443,81.01056
6.85825,81.0109
7.30877,81.16373
32.29715,70.73107
33.16078,73.17657
33.161,73.1764
35.96943,68.68839
6.72811,81.21394
7.13994,81.39551
7.51056,81.2727
7.55107,81.39279
7.9226,81.30409
7.92398,81.30741
32.4874,73.21835
8.96398,80.57926
8.96513,80.57653
8.96886,80.57838
8.99935,80.69608
9.00138,80.69309
9.00235,80.69846
9.07433,80.62463
29.48112,71.50902
29.48673,71.5072
29.53954,72.0166
29.58978,71.67876
29.59231,71.6787
29.61173,72.2889
29.66197,71.69368
29.6675,71.6919
29.75418,72.40143
29.77079,72.44671
29.83944,71.25662
29.92185,72.711
29.93703,72.17651
29.95178,71.50935
29.95734,71.50755
30.07746,72.65261
30.08335,72.34425
30.08923,72.60859
30.09101,72.37524
30.13937,72.24621
30.18209,72.79182
30.20704,73.21424
30.20969,73.39777
30.22168,72.65659
30.26224,73.10387
30.26333,73.10418
30.32996,72.49582
30.36834,73.47665
30.36908,73.51871
30.37276,73.51777
30.37407,73.47846
30.42022,72.15916
30.42502,73.46986
30.48543,73.84312
30.49046,71.85739
30.62832,73.66878
30.63669,72.80218
30.65223,72.91476
30.6532,72.91528
30.6543,73.78307
30.65631,73.78712
30.6621,72.77102
30.66762,72.65646
30.68939,72.79321
30.69305,73.97712
30.69481,73.97437
30.71131,73.82396
30.80036,73.02144
30.80037,72.74936
30.8004,72.99916
30.91059,73.00008
31.16627,72.66496
31.19422,72.6675
32.43564,74.05688
32.44144,72.87598
33.24034,72.1671
34.44396,72.71617
25.16104,68.321
27.12258,68.0765
27.52247,68.07271
27.65066,68.21062
27.6515,68.20963
27.75828,68.17046
27.80465,68.34393
29.44198,71.73611
29.48395,71.20273
29.60306,72.25957
29.60671,72.26112
29.60976,72.25918
29.65917,71.67796
29.65992,71.68076
29.82119,72.66311
29.8232,72.30518
29.82596,72.30338
29.82627,72.31013
29.91623,72.63696
29.91647,72.63812
29.94126,71.987
29.97626,72.74937
30.06612,72.58663
30.1614,72.89792
30.16302,72.89978
30.38689,72.35816
30.6318,73.48843
33.76654,71.95374
34.43532,72.69455
34.74881,72.10802
34.74925,72.10822
33.76349,71.94917
33.7641,71.95399
34.43865,72.70866
34.44181,72.70747
34.44561,72.71396
34.44883,72.70946
34.63162,72.22238
32.55968,73.28409
29.08522,88.01207
29.22635,88.34805
29.3762,91.14974
6.83476,81.57181
6.85598,81.11263
6.85681,81.00541
6.91368,81.1358
7.08092,81.31932
7.08146,81.31586
7.10032,80.8124
7.23534,81.45391
7.23921,81.45096
7.29218,81.35231
7.2955,81.35287
7.98723,79.86618
34.63085,72.21828
35.96698,68.68754
28.65063,68.44064
33.76209,71.96104
33.765,71.96207
34.39035,72.82985
34.3953,72.83051
34.41171,72.71937
34.41327,72.71283
34.44896,72.71188
34.45033,72.70613
34.45321,72.71532
25.38851,68.58184
6.21576,81.07079
6.36987,80.9018
6.37666,80.90073
6.86437,81.48819
6.86463,81.49016
6.96709,81.0107
7.23656,81.229
7.5029,81.19339
7.53631,81.23573
8.23523,93.12387
8.51115,80.43295
8.87412,80.42422
8.87847,80.42318
9.18247,80.83234
9.18404,80.83512
29.7882,72.00951
29.79257,72.01186
29.84768,72.13846
29.84982,72.14597
29.85275,72.14043
29.8571,72.1554
29.85874,72.1509
29.86086,72.15839
29.87181,72.38623
29.87234,72.38274
29.96179,72.44094
30.13869,72.91163
30.31156,72.9704
30.63859,73.86752
31.2772,72.2978
31.27916,72.30466
31.281,72.30184
34.4411,72.71989
34.44234,72.71983
34.44244,72.72459
34.44357,72.72427
34.88039,71.9239
34.88193,71.92183
6.35358,80.58856
6.35477,80.58926
6.82582,80.95882
6.82746,81.17679
7.22612,81.25608
7.5055,81.18854
7.53234,81.23593
8.67083,80.47098
32.56307,73.28343
24.48441,70.8769
24.51079,69.20526
24.56996,68.94064
25.02801,68.85441
25.86211,68.62759
27.79805,68.97722
27.84459,68.76552
28.0095,68.47293
28.01115,68.47471
28.0584,69.13296
29.3978,71.50747
29.3994,71.50902
29.52989,71.88128
29.64516,72.055
29.64595,72.05621
29.80052,72.48956
29.80824,72.13765
29.8088,72.14434
29.86255,72.13079
29.86394,72.13177
29.8748,71.61436
29.90873,72.19554
29.90901,72.19894
29.9092,71.41566
29.91089,72.68724
29.91096,72.68672
29.94235,72.16813
29.94743,72.16759
29.95337,72.17719
29.95366,72.18056
29.99162,72.63844
29.99992,72.14655
30.10149,72.31526
30.10165,73.40833
30.10372,72.3144
30.16396,73.26587
30.21042,73.30165
30.22542,72.59548
30.22556,72.59497
30.24141,73.2027
30.2496,72.30302
30.24988,72.3065
30.31958,72.05131
30.3528,72.02071
30.39082,73.11439
30.43041,72.85072
30.43872,73.63461
30.4521,72.72024
30.48297,72.32248
30.50136,72.1341
30.5118,72.26915
30.51207,72.27265
30.51499,72.26974
30.57492,73.76452
30.5967,72.35635
30.59698,72.3599
30.65287,73.78035
30.65317,73.78471
30.75345,71.87923
30.83278,73.88163
30.92293,73.61983
30.92522,73.6199
31.07513,73.73364
31.18559,72.66722
31.72959,74.04783
32.61356,73.28322
32.63561,73.36456
29.08459,88.0117
29.37536,91.15071
29.66007,90.89984
29.66281,90.90444
6.81912,81.1461
6.85164,81.10944
6.85402,81.11116
6.85471,81.10661
6.8563,81.10654
6.96215,80.87875
7.05947,81.33543
7.08674,81.3499
7.08723,81.34658
7.24017,81.39983
7.24124,81.4003
9.00256,80.69787
11.26843,80.00188
32.08769,74.1634
33.23669,71.51617
35.96616,68.68661
25.38841,68.58109
25.38868,68.58327
26.09462,68.8791
28.42426,69.69949
29.84585,72.28269
6.69526,81.40427
6.8273,81.14629
6.82754,81.14851
7.19423,81.30114
7.19849,81.29472
7.25561,81.29871
7.37837,81.37813
7.37881,81.38124
7.38176,81.37863
7.47885,81.07816
7.49312,81.14606
7.52185,81.24438
7.59035,81.14888
7.74187,81.25275
7.87153,81.41835
7.87667,81.41763
7.98613,81.47853
28.14616,69.44778
28.47327,69.67003
28.50351,69.3673
29.49156,71.81073
29.49219,71.81583
29.49592,71.81523
29.49894,71.74753
29.53802,71.97091
29.53834,71.97362
29.53866,71.97609
29.54038,71.45871
29.60708,71.69164
29.60893,72.34642
29.61214,72.34041
29.62316,72.13672
29.6295,72.1899
29.63014,72.19522
29.64991,72.29606
29.65981,72.08795
29.66211,72.08501
29.66774,72.24945
29.67046,72.37028
29.67089,71.74062
29.67431,72.36969
29.68175,72.23637
29.68383,72.23902
29.71648,71.9909
29.71959,71.92139
29.72525,71.93639
29.72588,71.94157
29.73158,72.31422
29.73734,72.32994
29.73794,72.04102
29.74049,72.0621
29.74118,72.32935
29.74428,72.06151
29.75849,72.34335
29.77158,72.10336
29.77219,72.1003
29.77538,72.10278
29.776,72.09972
29.8203,71.30039
29.86791,72.09927
29.87592,72.39577
29.88115,71.99294
29.89084,71.59763
29.89557,72.23159
29.89603,72.12029
29.89678,71.43352
29.89701,72.22969
29.89751,71.49936
29.90045,71.43293
29.91176,72.30102
29.9128,72.2992
29.91548,71.55266
29.93454,71.69666
29.93513,71.41946
29.93564,72.43015
29.93628,72.43571
29.93749,71.69882
29.93828,71.69606
29.94033,72.61208
29.94111,72.61337
29.95651,71.23049
29.96531,72.80095
29.97354,72.6592
29.97429,72.59545
29.97493,72.60112
29.97504,72.46381
29.98187,73.10538
29.98277,72.3611
29.98342,72.36662
29.98346,72.46822
29.98665,72.63404
29.9919,72.57555
30.00667,72.39682
30.00823,72.64822
30.01044,72.24866
30.03399,72.46061
30.0343,72.45837
30.03591,72.78461
30.05899,72.00043
30.06361,72.78053
30.06445,72.62038
30.06597,72.77826
30.06757,72.77995
30.07107,72.57311
30.07544,72.68279
30.08397,72.9567
30.08528,72.95472
30.0876,73.13221
30.09183,72.2751
30.10037,72.69079
30.12461,72.94292
30.13519,72.44064
30.13538,72.44311
30.14786,72.82552
30.14915,72.80152
30.1775,72.76771
30.17997,72.77096
30.1818,72.50224
30.18312,72.4791
30.18577,73.01601
30.19248,72.89683
30.19353,72.89446
30.198,73.08786
30.25121,73.27588
30.25165,73.28004
30.26122,73.2534
30.27889,73.22569
30.29856,72.14393
30.30753,72.15361
30.30885,72.15173
30.30947,72.15717
30.32115,72.08903
30.33785,73.20085
30.35337,73.60206
30.36674,72.93989
30.38843,73.6422
30.3917,73.63287
30.46611,71.6595
30.49662,72.17056
30.50302,72.15842
30.50877,72.1408
30.51474,72.29166
30.52063,72.37626
30.52651,72.42707
30.53042,72.42648
30.53076,72.18508
30.54743,72.19375
30.56168,71.75305
30.56607,73.63272
30.57371,73.74398
30.57447,71.95665
30.58335,73.07523
30.58666,73.94868
30.60074,72.93649
30.61469,72.90977
30.61579,73.82135
30.61749,73.88092
30.63116,72.76258
30.6638,73.82858
30.68842,73.98302
30.69271,73.98245
30.70362,73.96226
30.73659,74.05306
30.74802,73.00218
30.76636,73.95942
30.76764,74.05838
30.77777,73.77711
30.78421,72.73833
30.78559,72.78655
30.78819,72.73773
30.81075,72.70895
30.81336,72.70992
30.82789,72.75476
30.84201,73.90878
30.8563,73.87885
30.8728,73.95621
30.89115,72.81242
30.98461,74.18777
31.21281,72.71091
31.22006,72.99924
31.23135,72.65942
31.23242,72.6572
31.3429,72.66528
31.40029,72.54688
31.4548,72.47624
31.64757,73.03915
31.81786,70.82721
32.02096,73.18626
32.45272,72.81331
32.55143,74.25221
32.60468,73.25605
32.61025,73.26908
32.63092,74.44546
33.06314,73.07089
34.71775,72.13497
6.56034,80.76698
6.95494,81.16373
7.13527,80.74595
30.6828,73.66331
31.8341,74.33896
32.29125,70.74044
32.29584,70.73264
32.83012,71.60173
32.88981,71.61449
33.23551,71.51551
33.40875,71.93974
33.54668,71.54879
33.68852,72.71355
34.40342,72.82798
34.40407,72.82382
34.41066,72.82534
35.4781,72.47791
27.57068,68.61045
28.42451,69.69902
29.30329,90.72655
29.64193,91.02954
6.15647,81.10669
6.16008,81.10617
6.32386,80.92477
6.60355,81.18494
6.71302,80.86372
6.72183,81.38224
6.86556,81.50117
6.96303,81.56046
7.02752,81.20958
7.09535,81.33845
7.0982,81.33912
7.09905,81.33797
7.14842,81.39956
7.15212,81.39897
7.20509,81.28117
7.20689,81.26749
7.23455,81.27676
7.25487,81.28716
7.50975,81.17417
7.51031,81.173
7.53382,81.23723
7.53813,81.24101
7.66673,80.99909
7.78948,81.43856
7.8667,80.0403
7.87734,81.38112
7.92296,81.30169
8.13413,81.01997
8.13529,81.02258
8.95061,80.36545
9.61037,80.2732
12.55544,80.15147
15.85871,80.48639
29.55624,71.48775
29.88977,72.18645
30.15281,73.17377
30.15614,73.17313
30.22097,73.20667
30.26018,73.408
30.27484,73.34237
30.30668,73.51687
30.32153,73.12949
30.40032,73.48708
30.40368,73.48644
30.40499,73.79548
30.41172,73.13704
30.4135,73.14919
30.41506,73.13639
30.42887,73.25482
30.44557,73.7587
30.47579,73.62946
30.48025,73.29208
30.48622,73.67856
30.48712,73.73384
30.50879,73.68832
30.53318,73.61558
