latitude,longitude,bright_ti4,scan,track,acq_date,acq_time,satellite,instrument,confidence,version,bright_ti5,frp,daynight
7.47004,81.04136,346.12,0.47,0.48,2026-08-27,741,N,VIIRS,n,2.0NRT,296.41,9.14,D
7.60005,81.70477,330.28,0.43,0.46,2026-08-27,741,N,VIIRS,n,2.0NRT,296.53,4.67,D
7.62258,80.95859,334.5,0.48,0.48,2026-08-27,741,N,VIIRS,n,2.0NRT,291.98,1.45,D
7.72983,79.9324,335.01,0.55,0.51,2026-08-27,741,N,VIIRS,n,2.0NRT,289.15,6.21,D
7.93105,81.38248,331.54,0.44,0.46,2026-08-27,741,N,VIIRS,n,2.0NRT,299.2,3.19,D
7.93113,81.2623,347.38,0.45,0.47,2026-08-27,741,N,VIIRS,n,2.0NRT,296.46,8.43,D
7.93412,81.38229,340.78,0.44,0.46,2026-08-27,741,N,VIIRS,n,2.0NRT,299.88,4.3,D
7.93437,81.33264,334.16,0.44,0.46,2026-08-27,741,N,VIIRS,n,2.0NRT,299.4,3.31,D
8.07976,81.34676,341.29,0.44,0.46,2026-08-27,741,N,VIIRS,n,2.0NRT,297.32,3.62,D
8.16389,81.33283,331.58,0.44,0.46,2026-08-27,741,N,VIIRS,n,2.0NRT,297.15,2.9,D
8.18319,81.21323,333.47,0.45,0.47,2026-08-27,741,N,VIIRS,n,2.0NRT,297.42,4.85,D
8.18388,81.21734,335.58,0.45,0.47,2026-08-27,741,N,VIIRS,n,2.0NRT,295.36,3.52,D
8.18817,81.2166,332.07,0.45,0.47,2026-08-27,741,N,VIIRS,n,2.0NRT,296.28,2.87,D
8.39403,81.18223,333.39,0.45,0.47,2026-08-27,741,N,VIIRS,n,2.0NRT,292.71,2.83,D
8.49397,80.63341,341.23,0.48,0.48,2026-08-27,741,N,VIIRS,n,2.0NRT,292.78,4.77,D
8.53706,77.95217,335.66,0.37,0.58,2026-08-27,744,N,VIIRS,n,2.0NRT,291.67,2.88,D
8.53767,77.95551,330.37,0.37,0.58,2026-08-27,744,N,VIIRS,n,2.0NRT,291.3,2.88,D
8.90006,80.48241,343.34,0.49,0.48,2026-08-27,744,N,VIIRS,n,2.0NRT,287.95,5.58,D
8.92234,80.68958,340.84,0.47,0.48,2026-08-27,744,N,VIIRS,n,2.0NRT,287.91,5.85,D
8.93558,77.80733,336.01,0.37,0.58,2026-08-27,744,N,VIIRS,n,2.0NRT,294.19,2.63,D
9.13009,77.84245,341.07,0.36,0.58,2026-08-27,744,N,VIIRS,n,2.0NRT,296.5,4.92,D
9.1307,77.84574,335.59,0.36,0.58,2026-08-27,744,N,VIIRS,n,2.0NRT,296.02,4.28,D
9.13252,77.84334,338.51,0.36,0.58,2026-08-27,744,N,VIIRS,n,2.0NRT,296.56,3.68,D
9.13851,80.74121,330.75,0.46,0.47,2026-08-27,744,N,VIIRS,n,2.0NRT,296.36,5.95,D
9.20093,77.46384,331.96,0.38,0.59,2026-08-27,744,N,VIIRS,n,2.0NRT,295.68,1.61,D
9.30457,78.81348,334.81,0.62,0.54,2026-08-27,744,N,VIIRS,n,2.0NRT,296.26,0.98,D
9.30486,78.81577,336.81,0.62,0.54,2026-08-27,744,N,VIIRS,n,2.0NRT,296.38,6.54,D
9.38627,80.50593,341.96,0.48,0.48,2026-08-27,744,N,VIIRS,n,2.0NRT,296.78,3.62,D
9.4147,80.41617,330.97,0.48,0.48,2026-08-27,744,N,VIIRS,n,2.0NRT,295.31,2.19,D
9.42552,80.37328,340.3,0.49,0.48,2026-08-27,744,N,VIIRS,n,2.0NRT,295.98,7.33,D
9.45494,80.49021,344.21,0.48,0.48,2026-08-27,744,N,VIIRS,n,2.0NRT,295.5,5.54,D
9.91843,77.93557,335.55,0.35,0.56,2026-08-27,744,N,VIIRS,n,2.0NRT,294.03,2.57,D
9.9931,79.18903,333.06,0.57,0.52,2026-08-27,744,N,VIIRS,n,2.0NRT,295.75,1.7,D
10.02469,78.36389,334.84,0.32,0.55,2026-08-27,744,N,VIIRS,n,2.0NRT,295.39,2.55,D
10.28012,78.98431,339.64,0.58,0.52,2026-08-27,744,N,VIIRS,n,2.0NRT,296.95,7.07,D
10.87787,77.24078,330.18,0.37,0.58,2026-08-27,744,N,VIIRS,n,2.0NRT,295.55,3.26,D
10.99141,78.89906,338.6,0.57,0.52,2026-08-27,744,N,VIIRS,n,2.0NRT,298.76,10.52,D
11.69187,79.39234,332.69,0.52,0.5,2026-08-27,744,N,VIIRS,n,2.0NRT,295.48,1.98,D
12.19828,79.71751,331.74,0.48,0.48,2026-08-27,744,N,VIIRS,n,2.0NRT,293.89,2.89,D
17.64342,74.69589,335.54,0.41,0.61,2026-08-27,746,N,VIIRS,n,2.0NRT,291.34,4.07,D
20.78782,85.26209,335.01,0.39,0.36,2026-08-27,746,N,VIIRS,n,2.0NRT,289.15,1.55,D
20.86458,84.98833,338.21,0.39,0.36,2026-08-27,746,N,VIIRS,n,2.0NRT,293.29,4.15,D
20.884,84.98126,330.65,0.39,0.36,2026-08-27,746,N,VIIRS,n,2.0NRT,295.69,2.97,D
26.63018,70.38756,336.05,0.49,0.65,2026-08-27,748,N,VIIRS,n,2.0NRT,299.79,4.07,D
26.63397,70.38496,340.33,0.49,0.65,2026-08-27,748,N,VIIRS,n,2.0NRT,300.41,3.37,D
27.26775,88.31142,332.2,0.4,0.44,2026-08-27,748,N,VIIRS,n,2.0NRT,278.62,4.19,D
27.73219,68.73432,334.98,0.57,0.69,2026-08-27,748,N,VIIRS,n,2.0NRT,295.92,6.08,D
29.47649,70.75252,330.8,0.4,0.6,2026-08-27,750,N,VIIRS,n,2.0NRT,299.04,2.16,D
29.70477,72.60225,337.54,0.62,0.54,2026-08-27,750,N,VIIRS,n,2.0NRT,293.84,4.11,D
30.60386,74.03584,337.14,0.49,0.48,2026-08-27,750,N,VIIRS,n,2.0NRT,298.61,3.14,D
30.69802,74.17593,330.82,0.48,0.48,2026-08-27,750,N,VIIRS,l,2.0NRT,300.88,3.07,D
31.39647,72.43313,330.38,0.58,0.52,2026-08-27,750,N,VIIRS,n,2.0NRT,298.4,5.73,D
31.39734,72.43457,343.26,0.58,0.52,2026-08-27,750,N,VIIRS,n,2.0NRT,299.32,6.59,D
31.39786,72.4391,334.97,0.58,0.52,2026-08-27,750,N,VIIRS,n,2.0NRT,299.15,5.73,D
31.4112,72.16735,336.49,0.6,0.53,2026-08-27,750,N,VIIRS,n,2.0NRT,298.2,4.74,D
31.45704,72.16631,341.89,0.6,0.53,2026-08-27,750,N,VIIRS,n,2.0NRT,298.62,8.53,D
30.17446,72.42593,335.47,0.78,0.78,2026-08-27,930,N,VIIRS,n,2.0NRT,292.53,7.18,D
30.17456,72.42779,331.62,0.78,0.78,2026-08-27,930,N,VIIRS,n,2.0NRT,292.92,8.86,D
22.24742,87.38844,309.29,0.46,0.39,2026-08-27,2014,N,VIIRS,n,2.0NRT,285.15,1.81,N
22.3576,87.29176,305.77,0.46,0.39,2026-08-27,2014,N,VIIRS,n,2.0NRT,285.89,1.78,N
22.36518,87.3004,323.59,0.46,0.39,2026-08-27,2014,N,VIIRS,n,2.0NRT,287.19,3.88,N
22.3763,87.27986,324.45,0.46,0.39,2026-08-27,2014,N,VIIRS,n,2.0NRT,287.22,3.31,N
22.3771,87.27546,307.83,0.46,0.39,2026-08-27,2014,N,VIIRS,n,2.0NRT,286.36,1.49,N
22.78921,86.19717,327.01,0.41,0.37,2026-08-27,2014,N,VIIRS,n,2.0NRT,278.39,3.24,N
22.79055,86.20983,306.4,0.41,0.37,2026-08-27,2014,N,VIIRS,n,2.0NRT,278.4,1.08,N
23.54881,87.24468,296.44,0.44,0.39,2026-08-27,2014,N,VIIRS,n,2.0NRT,266.9,0.54,N
23.55232,87.24541,308.68,0.44,0.39,2026-08-27,2014,N,VIIRS,n,2.0NRT,275.15,0.54,N
23.55659,87.24186,305.1,0.44,0.38,2026-08-27,2014,N,VIIRS,n,2.0NRT,278.17,1.94,N
23.56009,87.24259,308.29,0.44,0.38,2026-08-27,2014,N,VIIRS,n,2.0NRT,278.93,1.94,N
23.56085,87.2383,327.01,0.44,0.38,2026-08-27,2014,N,VIIRS,n,2.0NRT,278.76,1.94,N
23.66214,87.15569,314.34,0.44,0.38,2026-08-27,2014,N,VIIRS,n,2.0NRT,274.6,2.08,N
23.66489,87.16066,304.31,0.44,0.38,2026-08-27,2014,N,VIIRS,n,2.0NRT,275.89,0.75,N
23.68629,87.12115,295.74,0.44,0.38,2026-08-27,2014,N,VIIRS,n,2.0NRT,261.37,0.41,N
23.69652,85.29062,304.11,0.39,0.36,2026-08-27,2014,N,VIIRS,n,2.0NRT,279.36,0.74,N
23.84105,85.30284,296.4,0.39,0.36,2026-08-27,2014,N,VIIRS,n,2.0NRT,270.04,0.35,N
25.81079,88.8863,303.34,0.49,0.4,2026-08-27,2014,N,VIIRS,n,2.0NRT,286.07,3.4,N
29.08417,88.0132,300.12,0.42,0.37,2026-08-27,2014,N,VIIRS,n,2.0NRT,280.25,1.48,N
29.457,76.86609,334.4,0.61,0.53,2026-08-27,2014,N,VIIRS,n,2.0NRT,289.84,7.66,N
29.90909,74.95557,306.55,0.4,0.6,2026-08-27,2014,N,VIIRS,n,2.0NRT,292.96,2.25,N
29.9094,74.95135,321.57,0.4,0.6,2026-08-27,2014,N,VIIRS,n,2.0NRT,293.15,13.61,N
29.90971,74.94712,350.51,0.4,0.6,2026-08-27,2014,N,VIIRS,n,2.0NRT,294.75,13.61,N
29.91002,74.94289,346.19,0.4,0.6,2026-08-27,2014,N,VIIRS,n,2.0NRT,292.71,12.52,N
29.91033,74.93867,305.44,0.4,0.6,2026-08-27,2014,N,VIIRS,n,2.0NRT,292.26,12.52,N
29.91498,74.95193,306.17,0.4,0.6,2026-08-27,2014,N,VIIRS,n,2.0NRT,293.0,1.59,N
29.91529,74.9477,308.09,0.4,0.6,2026-08-27,2014,N,VIIRS,n,2.0NRT,292.96,1.59,N
8.99971,80.67416,308.64,0.38,0.36,2026-08-27,2017,N,VIIRS,n,2.0NRT,291.14,1.16,N
9.49335,77.62408,304.15,0.47,0.4,2026-08-27,2017,N,VIIRS,n,2.0NRT,283.83,0.45,N
9.49338,77.62221,302.0,0.47,0.4,2026-08-27,2017,N,VIIRS,n,2.0NRT,281.79,0.44,N
10.14528,78.35623,306.72,0.44,0.38,2026-08-27,2017,N,VIIRS,n,2.0NRT,293.87,0.73,N
11.10949,77.76649,309.44,0.48,0.4,2026-08-27,2017,N,VIIRS,n,2.0NRT,292.92,1.12,N
11.17704,79.08945,307.88,0.42,0.38,2026-08-27,2017,N,VIIRS,n,2.0NRT,291.52,1.27,N
11.18222,79.10208,304.71,0.42,0.38,2026-08-27,2017,N,VIIRS,n,2.0NRT,290.78,2.06,N
11.26739,80.00417,312.59,0.4,0.37,2026-08-27,2017,N,VIIRS,n,2.0NRT,289.69,1.56,N
11.81603,77.91864,320.62,0.48,0.4,2026-08-27,2017,N,VIIRS,n,2.0NRT,290.36,2.43,N
11.81781,77.91653,311.73,0.48,0.4,2026-08-27,2017,N,VIIRS,n,2.0NRT,289.98,2.88,N
15.84457,79.77414,312.68,0.44,0.38,2026-08-27,2017,N,VIIRS,n,2.0NRT,293.76,3.7,N
15.99257,78.3996,304.82,0.51,0.41,2026-08-27,2017,N,VIIRS,n,2.0NRT,283.96,1.89,N
16.54488,79.75774,307.31,0.44,0.39,2026-08-27,2017,N,VIIRS,n,2.0NRT,293.17,3.09,N
17.46458,80.65409,319.97,0.42,0.37,2026-08-27,2017,N,VIIRS,n,2.0NRT,292.22,2.91,N
17.95565,80.79626,317.3,0.42,0.37,2026-08-27,2017,N,VIIRS,n,2.0NRT,291.82,2.91,N
17.95681,80.78843,308.3,0.42,0.37,2026-08-27,2017,N,VIIRS,n,2.0NRT,291.87,3.03,N
21.10433,72.64272,305.89,0.45,0.63,2026-08-27,2017,N,VIIRS,n,2.0NRT,264.87,2.66,N
22.38937,73.11508,295.06,0.43,0.62,2026-08-27,2017,N,VIIRS,n,2.0NRT,272.37,0.59,N
6.85014,81.04932,295.85,0.39,0.36,2026-08-27,2019,N,VIIRS,n,2.0NRT,271.53,0.66,N
6.8742,81.44757,306.05,0.39,0.36,2026-08-27,2019,N,VIIRS,n,2.0NRT,281.95,1.04,N
7.3066,80.94781,306.31,0.39,0.36,2026-08-27,2019,N,VIIRS,n,2.0NRT,286.08,1.88,N
7.30935,80.95189,304.57,0.39,0.36,2026-08-27,2019,N,VIIRS,n,2.0NRT,286.88,1.58,N
7.30991,80.94836,325.87,0.39,0.36,2026-08-27,2019,N,VIIRS,n,2.0NRT,287.3,1.88,N
7.31267,80.95242,316.66,0.39,0.36,2026-08-27,2019,N,VIIRS,n,2.0NRT,287.35,2.22,N
7.31323,80.94892,332.47,0.39,0.36,2026-08-27,2019,N,VIIRS,n,2.0NRT,287.52,3.94,N
8.30407,77.63763,313.44,0.46,0.39,2026-08-27,2019,N,VIIRS,n,2.0NRT,293.13,1.33,N
8.30766,77.63818,310.18,0.46,0.39,2026-08-27,2019,N,VIIRS,n,2.0NRT,293.28,1.33,N
8.40721,80.75729,303.08,0.38,0.36,2026-08-27,2019,N,VIIRS,n,2.0NRT,285.68,0.38,N
8.41052,80.75783,302.76,0.38,0.36,2026-08-27,2019,N,VIIRS,n,2.0NRT,286.31,0.38,N
13.39244,80.10186,316.57,0.41,0.37,2026-08-27,2019,N,VIIRS,n,2.0NRT,295.63,2.51,N
13.70962,79.61949,310.51,0.42,0.38,2026-08-27,2019,N,VIIRS,n,2.0NRT,292.96,1.84,N
13.82483,79.2569,309.05,0.44,0.38,2026-08-27,2019,N,VIIRS,n,2.0NRT,292.0,1.07,N
15.02335,78.01398,308.39,0.52,0.41,2026-08-27,2019,N,VIIRS,n,2.0NRT,285.12,2.22,N
15.07126,76.86606,302.03,0.4,0.44,2026-08-27,2019,N,VIIRS,n,2.0NRT,286.05,1.52,N
15.17269,76.6937,297.01,0.41,0.45,2026-08-27,2019,N,VIIRS,n,2.0NRT,273.2,1.21,N
15.17371,76.65434,309.23,0.42,0.45,2026-08-27,2019,N,VIIRS,n,2.0NRT,285.98,2.19,N
15.17564,77.10123,299.95,0.39,0.44,2026-08-27,2019,N,VIIRS,n,2.0NRT,280.76,1.48,N
15.33388,76.28443,306.14,0.44,0.46,2026-08-27,2019,N,VIIRS,n,2.0NRT,289.24,1.24,N
15.33447,76.2467,304.65,0.44,0.46,2026-08-27,2019,N,VIIRS,n,2.0NRT,290.98,0.65,N
28.42398,69.70206,310.73,0.32,0.55,2026-08-27,2153,N,VIIRS,n,2.0NRT,296.06,1.46,N
32.88834,71.61575,316.14,0.33,0.55,2026-08-27,2153,N,VIIRS,n,2.0NRT,296.86,1.67,N
33.29675,71.1889,308.48,0.61,0.53,2026-08-27,2153,N,VIIRS,n,2.0NRT,294.71,0.62,N
33.80159,72.09836,307.55,0.33,0.55,2026-08-27,2153,N,VIIRS,n,2.0NRT,294.52,0.73,N
29.47338,76.864,304.0,0.78,0.78,2026-08-27,2155,N,VIIRS,n,2.0NRT,286.48,2.54,N
29.90638,74.95924,319.9,0.6,0.7,2026-08-27,2155,N,VIIRS,n,2.0NRT,292.24,19.52,N
29.90671,74.9599,317.64,0.6,0.7,2026-08-27,2155,N,VIIRS,n,2.0NRT,292.12,15.44,N
29.90808,74.95317,367.0,0.6,0.7,2026-08-27,2155,N,VIIRS,h,2.0NRT,294.32,14.38,N
29.90838,74.95381,367.0,0.6,0.7,2026-08-27,2155,N,VIIRS,h,2.0NRT,294.14,15.44,N
29.90978,74.9471,319.17,0.6,0.7,2026-08-27,2155,N,VIIRS,n,2.0NRT,292.2,14.38,N
29.91005,74.94773,319.45,0.6,0.7,2026-08-27,2155,N,VIIRS,n,2.0NRT,292.36,28.69,N
29.91436,74.95547,310.32,0.6,0.7,2026-08-27,2155,N,VIIRS,n,2.0NRT,292.87,14.38,N
29.91466,74.95614,306.96,0.6,0.7,2026-08-27,2155,N,VIIRS,n,2.0NRT,293.04,15.44,N
29.91607,74.94938,305.84,0.6,0.7,2026-08-27,2155,N,VIIRS,n,2.0NRT,292.75,14.38,N
6.82944,81.44043,331.7,0.48,0.64,2026-08-28,724,N,VIIRS,n,2.0NRT,290.04,3.32,D
6.8483,81.47719,341.48,0.47,0.64,2026-08-28,724,N,VIIRS,n,2.0NRT,291.08,8.93,D
6.84907,81.48148,349.79,0.47,0.64,2026-08-28,724,N,VIIRS,n,2.0NRT,289.59,11.54,D
7.12036,81.83202,340.52,0.44,0.63,2026-08-28,724,N,VIIRS,n,2.0NRT,290.97,7.49,D
7.20586,81.80885,327.81,0.44,0.63,2026-08-28,724,N,VIIRS,n,2.0NRT,291.56,3.52,D
8.57365,80.37617,329.17,0.52,0.67,2026-08-28,724,N,VIIRS,n,2.0NRT,282.05,3.95,D
8.66278,81.14859,330.04,0.46,0.64,2026-08-28,724,N,VIIRS,n,2.0NRT,287.35,2.39,D
8.71467,77.97586,332.45,0.75,0.77,2026-08-28,724,N,VIIRS,n,2.0NRT,291.91,6.6,D
8.72573,80.74754,337.93,0.49,0.65,2026-08-28,724,N,VIIRS,n,2.0NRT,291.49,7.24,D
8.72874,78.1054,335.79,0.73,0.76,2026-08-28,724,N,VIIRS,n,2.0NRT,291.61,9.62,D
8.73258,78.10741,334.15,0.73,0.76,2026-08-28,724,N,VIIRS,n,2.0NRT,291.19,7.04,D
8.97291,80.68935,336.86,0.49,0.65,2026-08-28,724,N,VIIRS,n,2.0NRT,287.05,7.29,D
9.277,78.39668,334.35,0.69,0.74,2026-08-28,724,N,VIIRS,n,2.0NRT,290.53,6.4,D
9.27714,78.39496,335.92,0.69,0.74,2026-08-28,724,N,VIIRS,n,2.0NRT,290.19,4.62,D
14.49166,79.70969,339.76,0.45,0.63,2026-08-28,726,N,VIIRS,n,2.0NRT,297.46,6.57,D
14.49187,79.7094,335.09,0.45,0.63,2026-08-28,726,N,VIIRS,n,2.0NRT,297.62,5.47,D
14.75162,79.71841,330.88,0.45,0.63,2026-08-28,726,N,VIIRS,n,2.0NRT,293.97,2.94,D
15.02867,79.75406,334.11,0.44,0.62,2026-08-28,726,N,VIIRS,n,2.0NRT,296.17,2.51,D
15.63637,79.58625,330.26,0.44,0.62,2026-08-28,726,N,VIIRS,n,2.0NRT,295.72,4.78,D
15.76769,79.49413,331.28,0.44,0.62,2026-08-28,726,N,VIIRS,n,2.0NRT,292.63,3.29,D
21.74797,83.84405,332.09,0.55,0.43,2026-08-28,729,N,VIIRS,n,2.0NRT,289.1,4.65,D
22.36216,87.01751,332.41,0.4,0.37,2026-08-28,729,N,VIIRS,n,2.0NRT,295.92,4.8,D
22.377,87.2805,341.05,0.4,0.37,2026-08-28,729,N,VIIRS,n,2.0NRT,291.28,7.49,D
26.60799,90.33498,336.49,0.43,0.38,2026-08-28,729,N,VIIRS,n,2.0NRT,289.46,5.57,D
28.31779,95.1801,329.86,0.54,0.51,2026-08-28,729,N,VIIRS,n,2.0NRT,290.37,4.86,D
29.08413,88.01273,331.12,0.39,0.36,2026-08-28,731,N,VIIRS,l,2.0NRT,304.21,2.79,D
29.13515,89.25123,330.31,0.42,0.38,2026-08-28,731,N,VIIRS,l,2.0NRT,305.02,3.97,D
9.27846,78.39858,336.74,0.57,0.69,2026-08-28,905,N,VIIRS,n,2.0NRT,293.77,6.18,D
9.33079,77.52433,334.37,0.5,0.66,2026-08-28,905,N,VIIRS,n,2.0NRT,297.58,4.97,D
9.33131,77.52667,334.29,0.5,0.66,2026-08-28,905,N,VIIRS,n,2.0NRT,297.26,1.72,D
9.4159,77.509,332.41,0.5,0.66,2026-08-28,905,N,VIIRS,n,2.0NRT,296.85,1.46,D
9.41621,77.50993,334.29,0.5,0.66,2026-08-28,905,N,VIIRS,n,2.0NRT,297.25,2.78,D
22.92944,70.106,336.34,0.49,0.48,2026-08-28,907,N,VIIRS,n,2.0NRT,295.78,4.39,D
24.84141,68.06506,342.24,0.39,0.44,2026-08-28,909,N,VIIRS,n,2.0NRT,304.84,3.72,D
25.9428,72.19143,351.1,0.36,0.57,2026-08-28,909,N,VIIRS,n,2.0NRT,296.52,18.43,D
25.94312,72.19508,367.0,0.36,0.57,2026-08-28,909,N,VIIRS,h,2.0NRT,302.25,21.83,D
25.94344,72.1987,330.75,0.36,0.57,2026-08-28,909,N,VIIRS,n,2.0NRT,298.95,21.83,D
29.27192,71.18018,356.76,0.34,0.56,2026-08-28,909,N,VIIRS,n,2.0NRT,299.7,4.02,D
29.27299,71.17931,347.95,0.34,0.56,2026-08-28,909,N,VIIRS,n,2.0NRT,299.55,3.38,D
36.74481,95.23365,311.03,0.42,0.37,2026-08-28,1951,N,VIIRS,n,2.0NRT,290.98,2.22,N
36.74516,95.23571,306.78,0.42,0.37,2026-08-28,1951,N,VIIRS,n,2.0NRT,290.36,1.69,N
27.32473,95.27738,308.91,0.56,0.43,2026-08-28,1953,N,VIIRS,n,2.0NRT,289.97,0.89,N
27.326,95.27651,309.19,0.56,0.43,2026-08-28,1953,N,VIIRS,n,2.0NRT,290.24,0.92,N
27.37818,95.33735,310.91,0.56,0.43,2026-08-28,1953,N,VIIRS,n,2.0NRT,290.26,2.81,N
27.37928,95.33176,306.89,0.56,0.43,2026-08-28,1953,N,VIIRS,n,2.0NRT,289.99,3.02,N
24.11609,86.8623,299.6,0.42,0.38,2026-08-28,1955,N,VIIRS,n,2.0NRT,273.16,1.75,N
24.11668,86.85818,299.08,0.42,0.38,2026-08-28,1955,N,VIIRS,n,2.0NRT,270.26,1.25,N
13.71205,79.61907,307.18,0.52,0.5,2026-08-28,1957,N,VIIRS,n,2.0NRT,290.35,2.67,N
15.17497,77.10068,306.28,0.4,0.6,2026-08-28,1957,N,VIIRS,n,2.0NRT,288.41,0.83,N
15.17508,76.67622,297.14,0.43,0.62,2026-08-28,1957,N,VIIRS,n,2.0NRT,282.33,0.95,N
15.17742,76.65607,302.89,0.43,0.62,2026-08-28,1957,N,VIIRS,n,2.0NRT,286.94,2.55,N
15.17891,76.65431,302.81,0.43,0.62,2026-08-28,1957,N,VIIRS,n,2.0NRT,286.99,1.76,N
15.18081,76.67679,307.26,0.43,0.62,2026-08-28,1957,N,VIIRS,n,2.0NRT,285.14,1.49,N
15.18128,76.67277,310.62,0.43,0.62,2026-08-28,1957,N,VIIRS,n,2.0NRT,286.51,2.0,N
15.18174,76.66875,301.69,0.43,0.62,2026-08-28,1957,N,VIIRS,n,2.0NRT,286.44,2.0,N
15.18244,76.67507,315.47,0.43,0.62,2026-08-28,1957,N,VIIRS,n,2.0NRT,286.94,2.9,N
15.18288,76.67104,302.34,0.43,0.62,2026-08-28,1957,N,VIIRS,n,2.0NRT,287.09,1.48,N
15.18332,76.66703,307.26,0.43,0.62,2026-08-28,1957,N,VIIRS,n,2.0NRT,287.05,1.48,N
15.18653,76.67741,301.38,0.43,0.62,2026-08-28,1957,N,VIIRS,n,2.0NRT,286.17,1.49,N
15.65942,73.98846,301.95,0.65,0.73,2026-08-28,1957,N,VIIRS,n,2.0NRT,285.04,0.75,N
15.66104,73.9874,299.07,0.65,0.73,2026-08-28,1957,N,VIIRS,n,2.0NRT,285.44,0.86,N
17.46277,80.65205,305.23,0.5,0.49,2026-08-28,1957,N,VIIRS,n,2.0NRT,287.76,2.54,N
17.46345,80.65358,305.28,0.5,0.49,2026-08-28,1957,N,VIIRS,n,2.0NRT,287.2,1.06,N
17.95635,80.79659,310.34,0.49,0.49,2026-08-28,1957,N,VIIRS,n,2.0NRT,286.49,1.61,N
6.81137,80.87222,303.74,0.52,0.42,2026-08-28,2000,N,VIIRS,n,2.0NRT,282.5,3.98,N
6.81319,80.87464,314.97,0.53,0.42,2026-08-28,2000,N,VIIRS,n,2.0NRT,284.96,3.37,N
6.81385,80.87016,325.37,0.53,0.42,2026-08-28,2000,N,VIIRS,n,2.0NRT,283.06,3.37,N
6.81518,80.87301,337.37,0.52,0.42,2026-08-28,2000,N,VIIRS,n,2.0NRT,286.53,3.98,N
6.817,80.87542,303.83,0.53,0.42,2026-08-28,2000,N,VIIRS,n,2.0NRT,283.86,0.96,N
6.81763,80.87114,310.41,0.53,0.42,2026-08-28,2000,N,VIIRS,n,2.0NRT,284.4,0.96,N
6.86092,81.53809,305.96,0.48,0.4,2026-08-28,2000,N,VIIRS,n,2.0NRT,290.81,1.08,N
7.8021,80.47414,305.84,0.57,0.43,2026-08-28,2000,N,VIIRS,n,2.0NRT,290.75,1.63,N
8.11868,80.81451,303.83,0.55,0.43,2026-08-28,2000,N,VIIRS,n,2.0NRT,290.23,2.69,N
8.11915,80.81272,304.91,0.55,0.43,2026-08-28,2000,N,VIIRS,n,2.0NRT,290.01,1.65,N
8.1194,80.80952,307.31,0.55,0.43,2026-08-28,2000,N,VIIRS,n,2.0NRT,289.69,1.75,N
8.1199,80.80773,309.11,0.55,0.43,2026-08-28,2000,N,VIIRS,n,2.0NRT,290.57,1.65,N
8.12011,80.80454,304.51,0.55,0.43,2026-08-28,2000,N,VIIRS,n,2.0NRT,291.61,1.75,N
8.12065,80.80275,305.22,0.55,0.43,2026-08-28,2000,N,VIIRS,n,2.0NRT,292.45,2.23,N
8.12404,80.80512,309.4,0.55,0.43,2026-08-28,2000,N,VIIRS,n,2.0NRT,292.18,1.75,N
10.61728,77.41994,301.09,0.33,0.55,2026-08-28,2000,N,VIIRS,n,2.0NRT,284.85,0.23,N
30.47519,76.58662,304.01,0.38,0.59,2026-08-28,2133,N,VIIRS,n,2.0NRT,288.36,0.86,N
31.76995,70.11077,309.2,0.49,0.4,2026-08-28,2133,N,VIIRS,n,2.0NRT,297.18,2.36,N
32.29657,74.31654,307.16,0.52,0.5,2026-08-28,2133,N,VIIRS,n,2.0NRT,292.56,2.54,N
32.64531,72.97565,307.22,0.43,0.46,2026-08-28,2133,N,VIIRS,n,2.0NRT,295.31,1.63,N
32.88881,71.6145,315.56,0.55,0.42,2026-08-28,2133,N,VIIRS,n,2.0NRT,296.37,4.89,N
33.23443,71.51507,309.83,0.53,0.42,2026-08-28,2133,N,VIIRS,n,2.0NRT,294.83,2.87,N
33.24416,71.29903,315.28,0.52,0.42,2026-08-28,2133,N,VIIRS,n,2.0NRT,295.52,4.38,N
33.29671,71.18774,310.92,0.51,0.41,2026-08-28,2133,N,VIIRS,n,2.0NRT,295.41,3.28,N
34.84531,73.12538,298.62,0.4,0.44,2026-08-28,2133,N,VIIRS,n,2.0NRT,286.73,1.3,N
24.66053,74.63365,302.81,0.4,0.6,2026-08-28,2136,N,VIIRS,n,2.0NRT,289.45,1.34,N
25.94091,72.19165,311.26,0.53,0.5,2026-08-28,2136,N,VIIRS,n,2.0NRT,294.86,2.14,N
28.42477,69.69869,313.81,0.52,0.42,2026-08-28,2136,N,VIIRS,n,2.0NRT,298.24,1.06,N
28.42534,69.70181,313.98,0.52,0.42,2026-08-28,2136,N,VIIRS,n,2.0NRT,298.29,1.63,N
20.9107,71.46196,305.7,0.6,0.53,2026-08-28,2138,N,VIIRS,n,2.0NRT,292.17,2.89,N
21.10043,72.63733,305.36,0.35,0.57,2026-08-28,2138,N,VIIRS,n,2.0NRT,289.84,1.2,N
21.1034,72.64882,301.14,0.35,0.57,2026-08-28,2138,N,VIIRS,n,2.0NRT,288.98,0.74,N
22.37586,87.27822,331.92,0.43,0.46,2026-08-29,707,N,VIIRS,n,2.0NRT,292.02,4.74,D
22.37665,87.28234,332.05,0.43,0.46,2026-08-29,707,N,VIIRS,n,2.0NRT,292.39,4.74,D
23.74449,90.5308,337.63,0.43,0.38,2026-08-29,707,N,VIIRS,l,2.0NRT,295.91,3.85,D
23.55899,87.24026,330.62,0.41,0.45,2026-08-29,709,N,VIIRS,n,2.0NRT,290.41,2.57,D
24.08363,90.3568,330.71,0.43,0.38,2026-08-29,709,N,VIIRS,l,2.0NRT,294.95,6.46,D
28.10045,95.53236,330.43,0.47,0.39,2026-08-29,709,N,VIIRS,n,2.0NRT,294.85,2.14,D
29.23654,88.87944,329.58,0.43,0.38,2026-08-29,709,N,VIIRS,n,2.0NRT,294.29,2.4,D
31.65704,78.40268,329.09,0.46,0.63,2026-08-29,712,N,VIIRS,l,2.0NRT,303.31,4.03,D
7.52567,81.08916,339.17,0.39,0.59,2026-08-29,845,N,VIIRS,n,2.0NRT,268.01,8.15,D
8.57969,77.66151,339.99,0.48,0.48,2026-08-29,845,N,VIIRS,n,2.0NRT,295.44,3.72,D
8.60485,77.9724,339.73,0.5,0.49,2026-08-29,845,N,VIIRS,n,2.0NRT,288.68,3.44,D
8.60874,77.96722,336.02,0.5,0.49,2026-08-29,845,N,VIIRS,n,2.0NRT,287.79,2.7,D
8.64795,77.83846,336.15,0.49,0.49,2026-08-29,845,N,VIIRS,n,2.0NRT,293.65,2.82,D
8.65245,77.83784,330.16,0.49,0.49,2026-08-29,845,N,VIIRS,n,2.0NRT,291.93,1.92,D
8.74677,78.08665,332.55,0.51,0.49,2026-08-29,845,N,VIIRS,n,2.0NRT,287.41,2.69,D
9.38294,80.44886,345.5,0.38,0.58,2026-08-29,845,N,VIIRS,n,2.0NRT,283.23,5.38,D
9.38339,80.4523,329.01,0.38,0.58,2026-08-29,845,N,VIIRS,n,2.0NRT,282.56,4.82,D
9.41203,80.44762,328.29,0.38,0.59,2026-08-29,845,N,VIIRS,n,2.0NRT,287.77,3.19,D
9.41747,80.44695,343.39,0.38,0.59,2026-08-29,845,N,VIIRS,n,2.0NRT,286.81,3.19,D
9.50563,77.60714,335.3,0.49,0.48,2026-08-29,845,N,VIIRS,n,2.0NRT,295.79,4.45,D
10.93459,78.47301,337.47,0.58,0.52,2026-08-29,845,N,VIIRS,n,2.0NRT,299.46,5.59,D
11.74922,79.71774,333.73,0.36,0.58,2026-08-29,845,N,VIIRS,n,2.0NRT,294.78,2.57,D
11.83292,79.64937,332.56,0.36,0.57,2026-08-29,845,N,VIIRS,n,2.0NRT,295.44,2.65,D
12.17967,79.73842,344.66,0.37,0.58,2026-08-29,845,N,VIIRS,n,2.0NRT,295.14,7.67,D
13.51015,78.18242,335.03,0.6,0.53,2026-08-29,848,N,VIIRS,n,2.0NRT,295.74,6.93,D
14.14709,77.40031,330.17,0.55,0.51,2026-08-29,848,N,VIIRS,n,2.0NRT,296.0,1.36,D
14.20221,79.16484,336.34,0.36,0.57,2026-08-29,848,N,VIIRS,n,2.0NRT,292.66,2.54,D
14.78831,79.94443,332.64,0.41,0.61,2026-08-29,848,N,VIIRS,n,2.0NRT,290.36,6.21,D
15.46434,80.16425,349.37,0.43,0.62,2026-08-29,848,N,VIIRS,n,2.0NRT,293.78,5.8,D
15.47011,80.16361,333.26,0.43,0.62,2026-08-29,848,N,VIIRS,n,2.0NRT,289.99,5.8,D
16.22416,80.35689,334.08,0.46,0.63,2026-08-29,848,N,VIIRS,n,2.0NRT,290.07,3.15,D
16.34823,78.444,337.73,0.34,0.56,2026-08-29,848,N,VIIRS,n,2.0NRT,290.62,3.06,D
24.95683,68.29113,330.06,0.39,0.36,2026-08-29,850,N,VIIRS,l,2.0NRT,304.65,2.12,D
25.38717,68.58321,337.92,0.4,0.37,2026-08-29,850,N,VIIRS,n,2.0NRT,305.66,2.16,D
27.31574,72.3643,338.67,0.39,0.44,2026-08-29,852,N,VIIRS,n,2.0NRT,308.58,3.5,D
27.62484,69.46795,340.88,0.43,0.38,2026-08-29,852,N,VIIRS,l,2.0NRT,312.95,10.69,D
27.62835,69.46737,343.7,0.43,0.38,2026-08-29,852,N,VIIRS,l,2.0NRT,314.95,11.26,D
27.75767,68.69473,344.79,0.41,0.37,2026-08-29,852,N,VIIRS,n,2.0NRT,309.26,20.55,D
29.90926,74.9532,331.09,0.6,0.53,2026-08-29,852,N,VIIRS,n,2.0NRT,299.09,6.53,D
30.46343,71.93924,331.01,0.41,0.45,2026-08-29,852,N,VIIRS,n,2.0NRT,301.48,2.04,D
31.50933,72.26437,341.2,0.43,0.46,2026-08-29,852,N,VIIRS,n,2.0NRT,299.64,4.54,D
31.93829,72.37972,336.33,0.45,0.47,2026-08-29,852,N,VIIRS,n,2.0NRT,301.26,3.06,D
32.88894,71.61886,332.63,0.42,0.45,2026-08-29,852,N,VIIRS,l,2.0NRT,303.58,2.94,D
27.22117,95.34689,312.89,0.39,0.36,2026-08-29,1936,N,VIIRS,n,2.0NRT,291.18,1.76,N
27.37603,95.33333,305.91,0.39,0.36,2026-08-29,1936,N,VIIRS,n,2.0NRT,282.11,1.99,N
27.37836,95.08643,306.1,0.38,0.36,2026-08-29,1936,N,VIIRS,n,2.0NRT,288.98,2.62,N
27.37933,95.33401,331.37,0.39,0.36,2026-08-29,1936,N,VIIRS,n,2.0NRT,282.55,1.99,N
27.47018,95.42361,307.94,0.39,0.36,2026-08-29,1936,N,VIIRS,n,2.0NRT,289.54,1.89,N
21.59176,96.22928,301.52,0.44,0.39,2026-08-29,1938,N,VIIRS,n,2.0NRT,279.03,0.81,N
22.36034,87.01775,301.87,0.46,0.47,2026-08-29,1938,N,VIIRS,n,2.0NRT,276.38,0.63,N
22.36468,87.01837,303.34,0.46,0.47,2026-08-29,1938,N,VIIRS,n,2.0NRT,275.56,0.63,N
22.36584,87.30197,304.37,0.44,0.46,2026-08-29,1938,N,VIIRS,n,2.0NRT,263.27,0.61,N
22.37698,87.28178,298.14,0.44,0.46,2026-08-29,1938,N,VIIRS,n,2.0NRT,260.23,0.46,N
22.37749,87.27749,301.79,0.44,0.46,2026-08-29,1938,N,VIIRS,n,2.0NRT,261.04,0.46,N
9.75551,77.517,308.74,0.66,0.73,2026-08-29,1940,N,VIIRS,n,2.0NRT,282.3,1.86,N
9.75605,77.51919,313.12,0.66,0.73,2026-08-29,1940,N,VIIRS,n,2.0NRT,282.92,1.18,N
10.93793,78.46664,321.14,0.59,0.7,2026-08-29,1940,N,VIIRS,n,2.0NRT,278.39,1.99,N
10.94446,78.46751,302.27,0.59,0.7,2026-08-29,1940,N,VIIRS,n,2.0NRT,277.97,1.99,N
7.43697,81.32012,295.42,0.34,0.56,2026-08-29,1942,N,VIIRS,n,2.0NRT,262.31,0.33,N
35.22365,72.93259,298.49,0.39,0.36,2026-08-29,2114,N,VIIRS,n,2.0NRT,284.43,0.66,N
26.8731,73.51817,306.91,0.5,0.41,2026-08-29,2116,N,VIIRS,n,2.0NRT,290.25,1.12,N
26.87508,73.5155,307.67,0.5,0.41,2026-08-29,2116,N,VIIRS,n,2.0NRT,290.4,1.58,N
28.37428,77.22549,303.85,0.49,0.49,2026-08-29,2116,N,VIIRS,n,2.0NRT,273.19,1.03,N
28.42461,69.70064,327.1,0.38,0.36,2026-08-29,2116,N,VIIRS,n,2.0NRT,298.11,1.83,N
29.12339,75.77961,313.16,0.4,0.44,2026-08-29,2116,N,VIIRS,n,2.0NRT,288.46,1.65,N
29.45932,76.89091,330.32,0.45,0.47,2026-08-29,2116,N,VIIRS,n,2.0NRT,274.43,4.63,N
31.76838,70.1084,314.19,0.39,0.36,2026-08-29,2116,N,VIIRS,n,2.0NRT,297.61,2.61,N
32.08598,74.16589,308.49,0.45,0.39,2026-08-29,2116,N,VIIRS,n,2.0NRT,295.49,0.84,N
32.08685,74.16118,310.53,0.45,0.39,2026-08-29,2116,N,VIIRS,n,2.0NRT,295.5,0.89,N
32.29058,70.73904,314.07,0.38,0.36,2026-08-29,2116,N,VIIRS,n,2.0NRT,298.8,3.05,N
32.57529,72.56393,313.33,0.4,0.37,2026-08-29,2116,N,VIIRS,n,2.0NRT,296.49,2.59,N
33.23603,71.51531,310.32,0.39,0.36,2026-08-29,2116,N,VIIRS,n,2.0NRT,294.86,1.67,N
33.40789,71.94046,309.3,0.39,0.36,2026-08-29,2116,N,VIIRS,n,2.0NRT,295.7,2.04,N
33.54621,71.55232,307.93,0.38,0.36,2026-08-29,2116,N,VIIRS,n,2.0NRT,294.71,0.76,N
20.86841,71.39706,303.07,0.48,0.4,2026-08-29,2118,N,VIIRS,n,2.0NRT,292.83,2.52,N
24.66208,74.63699,297.67,0.41,0.45,2026-08-29,2118,N,VIIRS,n,2.0NRT,277.18,0.36,N
24.66288,74.63297,297.52,0.41,0.45,2026-08-29,2118,N,VIIRS,n,2.0NRT,277.29,0.45,N
24.69089,73.00126,300.42,0.5,0.41,2026-08-29,2118,N,VIIRS,n,2.0NRT,281.62,0.74,N
24.82164,73.09422,296.48,0.51,0.41,2026-08-29,2118,N,VIIRS,n,2.0NRT,276.77,0.53,N
25.94332,72.19199,305.54,0.45,0.39,2026-08-29,2118,N,VIIRS,n,2.0NRT,291.65,0.98,N
12.07226,78.52171,302.25,0.63,0.72,2026-08-29,2121,N,VIIRS,n,2.0NRT,284.22,1.07,N
12.49513,76.73359,298.77,0.47,0.64,2026-08-29,2121,N,VIIRS,n,2.0NRT,284.16,0.38,N
13.03323,77.87466,295.27,0.55,0.68,2026-08-29,2121,N,VIIRS,n,2.0NRT,280.63,0.36,N
18.68072,73.03546,301.74,0.42,0.45,2026-08-29,2121,N,VIIRS,n,2.0NRT,286.59,1.16,N
18.68258,73.03453,301.67,0.42,0.45,2026-08-29,2121,N,VIIRS,n,2.0NRT,288.88,1.27,N
18.68334,73.03059,312.61,0.42,0.45,2026-08-29,2121,N,VIIRS,n,2.0NRT,289.26,1.66,N
18.68747,73.03146,301.4,0.42,0.45,2026-08-29,2121,N,VIIRS,n,2.0NRT,287.56,1.66,N
18.77881,73.74908,300.74,0.46,0.47,2026-08-29,2121,N,VIIRS,n,2.0NRT,286.8,0.99,N
9.75523,77.51794,313.52,0.6,0.7,2026-08-29,2123,N,VIIRS,n,2.0NRT,288.15,2.38,N
10.94256,78.46865,309.17,0.65,0.73,2026-08-29,2123,N,VIIRS,n,2.0NRT,288.02,2.26,N
27.98973,94.2222,336.75,0.42,0.38,2026-08-30,652,N,VIIRS,n,2.0NRT,297.24,18.02,D
29.55473,90.99751,325.18,0.55,0.43,2026-08-30,652,N,VIIRS,l,2.0NRT,296.37,4.5,D
29.55749,90.99095,328.38,0.55,0.43,2026-08-30,652,N,VIIRS,n,2.0NRT,290.57,5.61,D
29.65337,90.98225,327.32,0.55,0.43,2026-08-30,652,N,VIIRS,n,2.0NRT,292.56,3.42,D
6.24721,80.86079,335.72,0.53,0.42,2026-08-30,826,N,VIIRS,n,2.0NRT,299.28,2.37,D
6.26749,81.05721,334.91,0.55,0.42,2026-08-30,826,N,VIIRS,n,2.0NRT,295.72,13.47,D
6.45618,81.09254,345.43,0.55,0.43,2026-08-30,826,N,VIIRS,n,2.0NRT,300.75,7.3,D
6.45692,81.09754,349.51,0.55,0.43,2026-08-30,826,N,VIIRS,n,2.0NRT,301.59,19.19,D
6.45926,81.09015,346.16,0.55,0.43,2026-08-30,826,N,VIIRS,n,2.0NRT,299.67,8.32,D
6.45996,81.09512,348.18,0.55,0.43,2026-08-30,826,N,VIIRS,n,2.0NRT,299.92,8.32,D
6.46012,81.09199,341.66,0.55,0.43,2026-08-30,826,N,VIIRS,n,2.0NRT,299.41,7.3,D
6.55183,80.87236,346.14,0.54,0.42,2026-08-30,826,N,VIIRS,n,2.0NRT,291.28,11.61,D
6.55189,80.87561,334.36,0.54,0.42,2026-08-30,826,N,VIIRS,n,2.0NRT,292.72,8.33,D
6.56987,81.05585,349.19,0.55,0.43,2026-08-30,826,N,VIIRS,n,2.0NRT,292.28,39.3,D
6.57044,81.05381,336.92,0.55,0.43,2026-08-30,826,N,VIIRS,n,2.0NRT,290.95,18.25,D
6.57118,81.0588,337.67,0.55,0.43,2026-08-30,826,N,VIIRS,n,2.0NRT,289.64,18.25,D
6.71188,81.53472,341.78,0.39,0.44,2026-08-30,826,N,VIIRS,n,2.0NRT,300.87,3.03,D
6.72053,81.5371,342.87,0.39,0.44,2026-08-30,826,N,VIIRS,n,2.0NRT,299.79,5.65,D
6.72105,81.5407,343.31,0.39,0.44,2026-08-30,826,N,VIIRS,n,2.0NRT,300.12,5.65,D
6.72933,81.16361,339.18,0.56,0.43,2026-08-30,826,N,VIIRS,n,2.0NRT,291.13,4.87,D
6.7333,81.16302,349.54,0.56,0.43,2026-08-30,826,N,VIIRS,n,2.0NRT,291.31,19.5,D
6.7412,81.50845,342.02,0.39,0.44,2026-08-30,826,N,VIIRS,n,2.0NRT,306.51,4.05,D
6.74123,81.50769,340.69,0.39,0.44,2026-08-30,826,N,VIIRS,n,2.0NRT,306.26,3.86,D
6.74882,81.53226,335.77,0.39,0.44,2026-08-30,826,N,VIIRS,l,2.0NRT,306.41,3.11,D
6.74896,81.53299,336.66,0.39,0.44,2026-08-30,826,N,VIIRS,n,2.0NRT,306.47,3.24,D
6.77788,81.78619,338.04,0.41,0.45,2026-08-30,826,N,VIIRS,n,2.0NRT,302.1,4.91,D
6.7977,81.55489,349.29,0.4,0.44,2026-08-30,826,N,VIIRS,n,2.0NRT,305.52,6.68,D
6.81451,81.55614,340.43,0.4,0.44,2026-08-30,826,N,VIIRS,n,2.0NRT,305.15,3.16,D
6.81849,81.5262,339.07,0.39,0.44,2026-08-30,826,N,VIIRS,n,2.0NRT,303.18,2.63,D
6.863,81.43449,332.96,0.39,0.44,2026-08-30,826,N,VIIRS,n,2.0NRT,297.4,3.02,D
6.89576,81.66621,331.54,0.4,0.44,2026-08-30,826,N,VIIRS,l,2.0NRT,301.71,3.31,D
6.96385,81.61536,336.56,0.4,0.44,2026-08-30,826,N,VIIRS,n,2.0NRT,304.75,6.91,D
7.01565,81.40194,344.36,0.39,0.44,2026-08-30,826,N,VIIRS,n,2.0NRT,303.03,3.69,D
7.01929,81.60059,332.84,0.4,0.44,2026-08-30,826,N,VIIRS,n,2.0NRT,302.79,2.25,D
7.10918,81.68468,335.1,0.41,0.45,2026-08-30,826,N,VIIRS,l,2.0NRT,305.92,4.05,D
7.13256,81.41004,330.14,0.39,0.44,2026-08-30,826,N,VIIRS,n,2.0NRT,297.2,2.12,D
7.21619,81.59032,337.99,0.4,0.44,2026-08-30,826,N,VIIRS,n,2.0NRT,306.07,5.44,D
7.27317,81.1773,330.44,0.57,0.43,2026-08-30,826,N,VIIRS,l,2.0NRT,303.55,2.91,D
7.27678,81.14547,337.26,0.57,0.43,2026-08-30,826,N,VIIRS,n,2.0NRT,305.53,4.38,D
7.27753,81.15067,337.79,0.57,0.43,2026-08-30,826,N,VIIRS,n,2.0NRT,306.06,4.38,D
7.27994,81.59621,340.82,0.4,0.45,2026-08-30,826,N,VIIRS,n,2.0NRT,306.6,5.24,D
7.29368,81.80795,332.54,0.42,0.45,2026-08-30,826,N,VIIRS,l,2.0NRT,303.12,2.34,D
7.31546,81.10326,334.42,0.57,0.43,2026-08-30,826,N,VIIRS,l,2.0NRT,304.81,6.49,D
7.31621,81.10839,336.91,0.57,0.43,2026-08-30,826,N,VIIRS,n,2.0NRT,305.81,9.05,D
7.31681,81.76224,344.78,0.41,0.45,2026-08-30,826,N,VIIRS,n,2.0NRT,299.4,5.41,D
7.32021,81.10786,336.09,0.57,0.43,2026-08-30,826,N,VIIRS,n,2.0NRT,306.09,2.2,D
7.32289,81.80387,340.57,0.42,0.45,2026-08-30,826,N,VIIRS,n,2.0NRT,303.84,2.59,D
7.3236,81.80315,331.97,0.42,0.45,2026-08-30,826,N,VIIRS,l,2.0NRT,303.42,2.14,D
7.32474,81.2229,344.58,0.38,0.43,2026-08-30,826,N,VIIRS,n,2.0NRT,307.22,5.09,D
7.33473,81.20717,357.22,0.38,0.43,2026-08-30,826,N,VIIRS,n,2.0NRT,311.78,10.19,D
7.34377,81.73465,336.86,0.41,0.45,2026-08-30,826,N,VIIRS,n,2.0NRT,300.35,3.47,D
7.35118,81.19792,336.49,0.38,0.43,2026-08-30,826,N,VIIRS,l,2.0NRT,309.58,3.8,D
7.35132,81.81868,335.23,0.42,0.45,2026-08-30,826,N,VIIRS,n,2.0NRT,303.61,2.2,D
7.35166,81.2014,348.5,0.38,0.43,2026-08-30,826,N,VIIRS,n,2.0NRT,310.47,3.8,D
7.35215,81.2049,344.63,0.38,0.43,2026-08-30,826,N,VIIRS,n,2.0NRT,310.14,6.09,D
7.35264,81.2084,348.0,0.38,0.43,2026-08-30,826,N,VIIRS,n,2.0NRT,307.54,6.09,D
7.35635,81.76369,340.63,0.42,0.45,2026-08-30,826,N,VIIRS,n,2.0NRT,304.1,4.46,D
7.36431,81.55346,330.83,0.4,0.44,2026-08-30,826,N,VIIRS,l,2.0NRT,303.42,4.19,D
7.36655,81.24904,343.12,0.39,0.44,2026-08-30,826,N,VIIRS,n,2.0NRT,306.31,19.27,D
7.36683,81.77773,338.06,0.42,0.45,2026-08-30,826,N,VIIRS,n,2.0NRT,304.2,5.08,D
7.36748,81.57545,332.45,0.4,0.45,2026-08-30,826,N,VIIRS,l,2.0NRT,303.73,2.71,D
7.37411,81.56326,342.4,0.4,0.44,2026-08-30,826,N,VIIRS,n,2.0NRT,303.29,5.71,D
7.37766,81.24046,336.16,0.39,0.44,2026-08-30,826,N,VIIRS,l,2.0NRT,306.84,3.11,D
7.37768,81.55894,331.05,0.4,0.44,2026-08-30,826,N,VIIRS,l,2.0NRT,302.66,3.86,D
7.3884,81.54617,340.43,0.4,0.44,2026-08-30,826,N,VIIRS,n,2.0NRT,299.81,4.46,D
7.38893,81.54981,338.13,0.4,0.44,2026-08-30,826,N,VIIRS,n,2.0NRT,298.51,4.08,D
7.39143,81.54616,342.88,0.4,0.44,2026-08-30,826,N,VIIRS,n,2.0NRT,300.33,4.74,D
7.39302,81.54917,343.05,0.4,0.44,2026-08-30,826,N,VIIRS,n,2.0NRT,300.78,5.04,D
7.39604,81.54919,349.53,0.4,0.44,2026-08-30,826,N,VIIRS,n,2.0NRT,303.82,8.59,D
7.39712,81.54854,336.74,0.4,0.44,2026-08-30,826,N,VIIRS,n,2.0NRT,302.96,5.04,D
7.4049,81.77624,342.42,0.42,0.45,2026-08-30,826,N,VIIRS,n,2.0NRT,303.84,3.36,D
7.4156,81.56924,341.29,0.4,0.45,2026-08-30,826,N,VIIRS,n,2.0NRT,302.85,2.32,D
7.43686,81.39532,337.73,0.39,0.44,2026-08-30,826,N,VIIRS,n,2.0NRT,307.01,4.3,D
7.43925,81.32561,340.99,0.39,0.44,2026-08-30,826,N,VIIRS,n,2.0NRT,309.94,4.43,D
7.45403,81.34198,340.72,0.39,0.44,2026-08-30,826,N,VIIRS,n,2.0NRT,308.95,4.67,D
7.4743,81.05003,337.26,0.56,0.43,2026-08-30,826,N,VIIRS,n,2.0NRT,305.58,3.44,D
7.48906,81.38728,338.59,0.39,0.44,2026-08-30,826,N,VIIRS,n,2.0NRT,306.08,3.0,D
7.51956,81.30991,334.71,0.39,0.44,2026-08-30,826,N,VIIRS,l,2.0NRT,305.47,2.27,D
7.61757,81.15485,356.38,0.38,0.43,2026-08-30,826,N,VIIRS,n,2.0NRT,313.13,15.47,D
7.61807,81.15833,367.0,0.38,0.43,2026-08-30,826,N,VIIRS,h,2.0NRT,311.16,34.65,D
7.62159,81.15429,335.61,0.38,0.43,2026-08-30,826,N,VIIRS,n,2.0NRT,306.78,15.47,D
7.67645,81.44918,347.74,0.4,0.44,2026-08-30,826,N,VIIRS,n,2.0NRT,308.37,6.52,D
7.69219,81.52925,336.39,0.41,0.45,2026-08-30,826,N,VIIRS,n,2.0NRT,305.85,2.33,D
7.78376,81.21587,341.02,0.39,0.44,2026-08-30,826,N,VIIRS,n,2.0NRT,306.64,9.22,D
7.78425,81.21941,334.77,0.39,0.44,2026-08-30,826,N,VIIRS,n,2.0NRT,303.53,7.08,D
7.80813,81.45168,339.35,0.4,0.44,2026-08-30,826,N,VIIRS,n,2.0NRT,308.72,4.97,D
7.80942,81.45202,342.3,0.4,0.44,2026-08-30,826,N,VIIRS,n,2.0NRT,308.39,4.33,D
7.81643,81.36108,338.02,0.4,0.44,2026-08-30,826,N,VIIRS,l,2.0NRT,308.95,7.87,D
7.87288,81.46512,336.09,0.4,0.45,2026-08-30,826,N,VIIRS,l,2.0NRT,308.48,4.66,D
7.87428,81.41622,347.81,0.4,0.44,2026-08-30,826,N,VIIRS,n,2.0NRT,308.64,9.46,D
8.60875,77.83811,330.12,0.41,0.37,2026-08-30,826,N,VIIRS,n,2.0NRT,284.72,2.3,D
8.78732,78.01003,339.42,0.42,0.37,2026-08-30,828,N,VIIRS,n,2.0NRT,301.37,4.32,D
8.80542,78.10815,335.36,0.42,0.38,2026-08-30,828,N,VIIRS,n,2.0NRT,296.09,2.62,D
8.88687,77.78855,336.67,0.41,0.37,2026-08-30,828,N,VIIRS,n,2.0NRT,297.2,3.0,D
8.91,77.59529,335.65,0.4,0.37,2026-08-30,828,N,VIIRS,n,2.0NRT,296.51,1.37,D
8.93239,77.96133,333.2,0.42,0.37,2026-08-30,828,N,VIIRS,n,2.0NRT,296.5,2.9,D
8.93294,77.9651,349.29,0.42,0.37,2026-08-30,828,N,VIIRS,n,2.0NRT,296.81,2.9,D
9.11369,77.77237,334.29,0.41,0.37,2026-08-30,828,N,VIIRS,n,2.0NRT,298.66,1.37,D
9.15121,78.32916,331.35,0.43,0.38,2026-08-30,828,N,VIIRS,n,2.0NRT,293.35,1.56,D
9.32007,77.4914,333.17,0.4,0.37,2026-08-30,828,N,VIIRS,n,2.0NRT,290.35,2.53,D
9.40266,80.43048,328.22,0.55,0.43,2026-08-30,828,N,VIIRS,n,2.0NRT,295.28,4.05,D
9.42778,80.38101,331.15,0.55,0.42,2026-08-30,828,N,VIIRS,n,2.0NRT,292.84,1.83,D
9.44417,77.66956,357.05,0.41,0.37,2026-08-30,828,N,VIIRS,n,2.0NRT,290.55,5.42,D
9.44472,77.67329,339.12,0.41,0.37,2026-08-30,828,N,VIIRS,n,2.0NRT,287.31,5.42,D
9.49209,77.66238,342.98,0.41,0.37,2026-08-30,828,N,VIIRS,n,2.0NRT,299.79,7.59,D
9.51278,78.066,343.56,0.42,0.38,2026-08-30,828,N,VIIRS,n,2.0NRT,303.22,10.29,D
9.82619,77.39869,331.44,0.4,0.37,2026-08-30,828,N,VIIRS,l,2.0NRT,303.27,1.05,D
9.86126,78.18573,338.34,0.43,0.38,2026-08-30,828,N,VIIRS,n,2.0NRT,303.91,4.18,D
9.87797,78.03197,336.6,0.42,0.38,2026-08-30,828,N,VIIRS,n,2.0NRT,294.37,1.97,D
10.00316,76.4542,333.81,0.39,0.36,2026-08-30,828,N,VIIRS,n,2.0NRT,298.59,0.94,D
11.80984,77.21425,335.6,0.41,0.37,2026-08-30,828,N,VIIRS,n,2.0NRT,301.41,61.33,D
12.07999,76.99017,338.02,0.41,0.37,2026-08-30,828,N,VIIRS,n,2.0NRT,303.8,3.7,D
12.48661,76.3177,336.89,0.39,0.37,2026-08-30,828,N,VIIRS,n,2.0NRT,298.79,3.61,D
12.81456,78.60983,333.07,0.48,0.4,2026-08-30,828,N,VIIRS,n,2.0NRT,291.11,2.64,D
13.9402,78.66064,331.18,0.5,0.41,2026-08-30,828,N,VIIRS,n,2.0NRT,299.53,2.81,D
13.99587,79.86121,330.58,0.39,0.44,2026-08-30,828,N,VIIRS,n,2.0NRT,297.69,3.16,D
14.18999,77.3446,342.86,0.43,0.38,2026-08-30,828,N,VIIRS,n,2.0NRT,298.23,3.06,D
14.29174,77.98407,337.34,0.46,0.39,2026-08-30,828,N,VIIRS,n,2.0NRT,294.69,3.76,D
14.3499,77.63499,335.71,0.45,0.39,2026-08-30,828,N,VIIRS,n,2.0NRT,300.01,3.47,D
14.4991,79.69765,330.15,0.38,0.44,2026-08-30,828,N,VIIRS,n,2.0NRT,297.16,1.87,D
14.50312,79.69711,336.85,0.38,0.44,2026-08-30,828,N,VIIRS,n,2.0NRT,296.91,1.54,D
14.67836,76.89172,333.67,0.42,0.38,2026-08-30,828,N,VIIRS,n,2.0NRT,291.89,2.11,D
14.69206,79.62556,331.61,0.38,0.43,2026-08-30,828,N,VIIRS,n,2.0NRT,295.71,2.12,D
14.71446,79.98879,342.4,0.4,0.44,2026-08-30,828,N,VIIRS,n,2.0NRT,295.02,7.26,D
14.84624,78.37249,332.45,0.49,0.4,2026-08-30,828,N,VIIRS,n,2.0NRT,299.84,2.01,D
15.43925,77.664,333.31,0.46,0.39,2026-08-30,828,N,VIIRS,n,2.0NRT,291.37,2.43,D
15.93384,79.5267,343.13,0.39,0.44,2026-08-30,828,N,VIIRS,n,2.0NRT,289.76,4.06,D
19.7772,73.79005,333.97,0.39,0.36,2026-08-30,830,N,VIIRS,n,2.0NRT,293.26,2.03,D
21.17639,74.58324,334.94,0.4,0.37,2026-08-30,830,N,VIIRS,n,2.0NRT,291.83,1.91,D
30.02923,71.74337,332.13,0.39,0.36,2026-08-30,835,N,VIIRS,l,2.0NRT,304.36,0.57,D
30.08648,71.7243,334.33,0.39,0.36,2026-08-30,835,N,VIIRS,n,2.0NRT,303.89,1.66,D
30.11638,73.26059,335.4,0.42,0.38,2026-08-30,835,N,VIIRS,l,2.0NRT,305.78,3.03,D
30.11697,73.26498,336.37,0.42,0.38,2026-08-30,835,N,VIIRS,n,2.0NRT,305.23,5.74,D
30.16407,74.51582,331.57,0.47,0.4,2026-08-30,835,N,VIIRS,l,2.0NRT,302.09,3.35,D
30.35123,73.65195,334.44,0.44,0.38,2026-08-30,835,N,VIIRS,n,2.0NRT,300.2,1.82,D
30.51386,73.90864,335.57,0.45,0.39,2026-08-30,835,N,VIIRS,n,2.0NRT,299.41,2.87,D
31.10913,74.49384,345.2,0.48,0.4,2026-08-30,835,N,VIIRS,n,2.0NRT,299.84,9.69,D
31.12675,74.30208,342.96,0.47,0.4,2026-08-30,835,N,VIIRS,n,2.0NRT,300.91,4.14,D
31.2082,73.91856,337.22,0.46,0.39,2026-08-30,835,N,VIIRS,n,2.0NRT,300.68,3.87,D
31.2118,73.91795,331.16,0.46,0.39,2026-08-30,835,N,VIIRS,n,2.0NRT,299.86,2.3,D
31.39489,72.12487,333.23,0.4,0.37,2026-08-30,835,N,VIIRS,n,2.0NRT,300.88,1.87,D
31.4235,72.12935,331.22,0.4,0.37,2026-08-30,835,N,VIIRS,n,2.0NRT,300.79,3.19,D
31.46879,72.1555,335.84,0.4,0.37,2026-08-30,835,N,VIIRS,n,2.0NRT,301.51,3.6,D
31.56918,72.22474,334.87,0.41,0.37,2026-08-30,835,N,VIIRS,n,2.0NRT,302.29,2.25,D
31.56943,72.27724,340.52,0.41,0.37,2026-08-30,835,N,VIIRS,n,2.0NRT,301.32,1.98,D
31.58139,72.28816,337.8,0.41,0.37,2026-08-30,835,N,VIIRS,n,2.0NRT,299.58,2.12,D
32.05318,73.38254,337.5,0.44,0.39,2026-08-30,835,N,VIIRS,n,2.0NRT,301.33,3.08,D
32.09223,73.23719,330.89,0.44,0.38,2026-08-30,835,N,VIIRS,n,2.0NRT,299.99,2.2,D
32.30693,73.28819,337.47,0.44,0.38,2026-08-30,835,N,VIIRS,n,2.0NRT,297.34,3.64,D
32.8883,71.61584,331.99,0.4,0.37,2026-08-30,835,N,VIIRS,l,2.0NRT,303.18,1.77,D
33.58202,69.2417,340.44,0.39,0.36,2026-08-30,835,N,VIIRS,l,2.0NRT,315.16,3.52,D
33.84936,72.20547,340.8,0.42,0.38,2026-08-30,835,N,VIIRS,n,2.0NRT,297.4,3.38,D
7.13631,81.13902,296.16,0.73,0.76,2026-08-30,1921,N,VIIRS,n,2.0NRT,280.67,1.72,N
7.14013,81.1341,297.7,0.73,0.76,2026-08-30,1921,N,VIIRS,n,2.0NRT,283.35,3.59,N
7.28379,81.16539,304.2,0.72,0.76,2026-08-30,1921,N,VIIRS,n,2.0NRT,288.27,1.34,N
7.6078,81.15397,303.16,0.73,0.76,2026-08-30,1921,N,VIIRS,n,2.0NRT,288.01,0.82,N
8.86712,81.02701,309.61,0.78,0.78,2026-08-30,1921,N,VIIRS,n,2.0NRT,287.51,1.75,N
8.86843,81.02491,316.5,0.78,0.78,2026-08-30,1921,N,VIIRS,n,2.0NRT,287.9,2.71,N
31.61482,74.37532,311.52,0.39,0.36,2026-08-30,2055,N,VIIRS,n,2.0NRT,295.45,0.61,N
31.64126,74.42704,308.12,0.39,0.36,2026-08-30,2055,N,VIIRS,n,2.0NRT,295.23,0.49,N
31.769,70.10805,312.33,0.55,0.43,2026-08-30,2055,N,VIIRS,n,2.0NRT,295.54,4.57,N
32.0868,74.16059,315.49,0.39,0.36,2026-08-30,2055,N,VIIRS,n,2.0NRT,294.79,2.11,N
32.08741,74.15643,308.49,0.39,0.36,2026-08-30,2055,N,VIIRS,n,2.0NRT,294.49,0.65,N
32.13232,74.17843,312.92,0.39,0.36,2026-08-30,2055,N,VIIRS,n,2.0NRT,295.18,0.79,N
32.57351,72.56357,309.26,0.44,0.38,2026-08-30,2055,N,VIIRS,n,2.0NRT,294.88,4.1,N
32.64409,72.9769,307.1,0.42,0.38,2026-08-30,2055,N,VIIRS,n,2.0NRT,293.7,1.59,N
32.88999,71.6175,308.91,0.48,0.4,2026-08-30,2055,N,VIIRS,n,2.0NRT,293.74,3.33,N
33.29611,71.18341,310.8,0.51,0.41,2026-08-30,2055,N,VIIRS,n,2.0NRT,293.05,0.8,N
33.29622,71.18803,306.97,0.51,0.41,2026-08-30,2055,N,VIIRS,n,2.0NRT,293.04,1.09,N
24.68952,73.00175,308.21,0.39,0.36,2026-08-30,2057,N,VIIRS,n,2.0NRT,292.27,1.08,N
25.9433,72.19072,329.62,0.4,0.37,2026-08-30,2057,N,VIIRS,n,2.0NRT,294.95,2.98,N
25.94431,72.19051,325.37,0.4,0.37,2026-08-30,2057,N,VIIRS,n,2.0NRT,295.03,2.14,N
26.09499,68.87773,305.36,0.55,0.42,2026-08-30,2057,N,VIIRS,n,2.0NRT,295.07,0.92,N
26.60605,73.68385,305.13,0.38,0.36,2026-08-30,2057,N,VIIRS,n,2.0NRT,292.92,0.71,N
26.87274,73.51597,306.77,0.39,0.36,2026-08-30,2057,N,VIIRS,n,2.0NRT,293.13,1.35,N
26.87605,73.51661,309.34,0.39,0.36,2026-08-30,2057,N,VIIRS,n,2.0NRT,293.23,1.26,N
26.87664,73.51275,304.99,0.39,0.36,2026-08-30,2057,N,VIIRS,n,2.0NRT,292.77,1.39,N
27.66868,76.13271,296.11,0.41,0.37,2026-08-30,2057,N,VIIRS,n,2.0NRT,276.77,0.32,N
27.66938,76.12862,299.11,0.41,0.37,2026-08-30,2057,N,VIIRS,n,2.0NRT,279.78,0.32,N
28.35198,70.13081,307.1,0.5,0.41,2026-08-30,2057,N,VIIRS,n,2.0NRT,296.83,0.75,N
28.42588,69.698,310.32,0.53,0.42,2026-08-30,2057,N,VIIRS,n,2.0NRT,297.18,1.83,N
28.74306,76.92912,316.04,0.42,0.38,2026-08-30,2057,N,VIIRS,n,2.0NRT,291.02,1.91,N
29.45914,76.89161,316.03,0.41,0.37,2026-08-30,2057,N,VIIRS,n,2.0NRT,292.1,3.18,N
29.4759,76.85623,311.77,0.41,0.37,2026-08-30,2057,N,VIIRS,n,2.0NRT,289.97,2.28,N
18.54634,74.25378,311.92,0.42,0.38,2026-08-30,2059,N,VIIRS,n,2.0NRT,289.64,1.13,N
18.68969,73.04101,304.97,0.39,0.36,2026-08-30,2059,N,VIIRS,n,2.0NRT,291.93,1.57,N
18.69302,73.0416,319.89,0.39,0.36,2026-08-30,2059,N,VIIRS,n,2.0NRT,293.8,3.62,N
19.93695,73.71136,323.05,0.4,0.37,2026-08-30,2059,N,VIIRS,n,2.0NRT,287.35,2.32,N
20.35619,72.94963,305.96,0.39,0.36,2026-08-30,2059,N,VIIRS,n,2.0NRT,291.96,1.84,N
21.10102,72.63954,295.93,0.38,0.36,2026-08-30,2059,N,VIIRS,n,2.0NRT,281.97,0.49,N
21.1016,72.63586,315.23,0.38,0.36,2026-08-30,2059,N,VIIRS,n,2.0NRT,282.26,1.65,N
21.26307,72.94081,312.03,0.38,0.36,2026-08-30,2059,N,VIIRS,n,2.0NRT,293.36,2.1,N
21.79665,72.08905,308.36,0.39,0.36,2026-08-30,2059,N,VIIRS,n,2.0NRT,292.6,1.45,N
9.67002,77.45597,297.92,0.57,0.52,2026-08-30,2101,N,VIIRS,n,2.0NRT,278.12,0.77,N
11.62482,79.08276,304.91,0.34,0.56,2026-08-30,2101,N,VIIRS,n,2.0NRT,283.7,0.94,N
13.71089,79.62021,304.97,0.34,0.56,2026-08-30,2101,N,VIIRS,n,2.0NRT,281.19,1.05,N
13.82755,79.33979,302.83,0.32,0.55,2026-08-30,2101,N,VIIRS,n,2.0NRT,278.47,0.49,N
13.82812,79.33691,305.97,0.32,0.55,2026-08-30,2101,N,VIIRS,n,2.0NRT,279.11,0.49,N
13.82816,79.33921,305.91,0.32,0.55,2026-08-30,2101,N,VIIRS,n,2.0NRT,278.87,0.64,N
13.82868,79.33408,302.13,0.32,0.55,2026-08-30,2101,N,VIIRS,n,2.0NRT,278.63,0.73,N
13.82871,79.33633,304.76,0.32,0.55,2026-08-30,2101,N,VIIRS,n,2.0NRT,278.4,0.64,N
15.16888,76.67051,297.02,0.41,0.45,2026-08-30,2101,N,VIIRS,n,2.0NRT,279.46,0.4,N
15.17345,76.78623,302.27,0.42,0.45,2026-08-30,2101,N,VIIRS,n,2.0NRT,284.14,0.79,N
15.17362,76.69113,301.13,0.41,0.45,2026-08-30,2101,N,VIIRS,n,2.0NRT,281.35,0.52,N
15.1757,76.65623,320.74,0.41,0.45,2026-08-30,2101,N,VIIRS,n,2.0NRT,283.06,3.12,N
15.17636,76.67603,312.47,0.41,0.45,2026-08-30,2101,N,VIIRS,n,2.0NRT,284.26,2.05,N
15.17842,76.66464,301.31,0.41,0.45,2026-08-30,2101,N,VIIRS,n,2.0NRT,282.67,1.47,N
15.18182,76.66927,302.97,0.41,0.45,2026-08-30,2101,N,VIIRS,n,2.0NRT,282.18,1.46,N
15.1825,76.66548,315.65,0.41,0.45,2026-08-30,2101,N,VIIRS,n,2.0NRT,280.75,1.46,N
6.95868,79.95699,300.79,0.47,0.64,2026-08-30,2104,N,VIIRS,n,2.0NRT,282.46,1.05,N
